time,open,high,low,close,volume_usd,swaps,minutes_with_trades,max_pools,usdt_usd
2026-06-26T00:00:00Z,59981.85,60188.50,59474.50,60020.20,3448057,2144,317,6,1.00000
2026-06-27T00:00:00Z,60020.20,60829.55,59688.82,59967.63,6788538,3970,837,7,0.99695
2026-06-28T00:00:00Z,59967.63,60426.94,58856.01,59528.80,11407375,6815,941,7,0.99990
2026-06-29T00:00:00Z,59528.80,60697.85,58869.26,60099.27,30129633,15382,1256,7,0.99686
2026-06-30T00:00:00Z,60099.27,60227.49,58093.19,58561.96,19390652,10526,1167,7,1.00001
2026-07-01T00:00:00Z,58561.96,61243.80,57555.98,59997.06,26846633,12892,1183,7,0.99662
2026-07-02T00:00:00Z,59997.06,62120.71,59576.23,61507.91,23197419,11607,1154,7,0.99795
2026-07-03T00:00:00Z,61507.91,62884.11,61186.03,62537.42,11874765,6823,1014,7,1.00111
2026-07-04T00:00:00Z,62537.42,63401.20,62315.47,63125.19,7820668,4675,928,7,1.00161
2026-07-05T00:00:00Z,63125.19,63922.58,62436.97,63581.45,7532240,4846,897,7,0.99718
2026-07-06T00:00:00Z,63581.45,64630.26,61335.22,64020.66,23459189,11242,1137,7,0.99860
2026-07-07T00:00:00Z,64020.66,64250.40,62713.31,63324.01,17681574,10185,1115,7,0.99716
2026-07-08T00:00:00Z,63324.01,63698.91,61486.03,62254.10,16985351,9865,1165,7,0.99726
2026-07-09T00:00:00Z,62254.10,63449.12,61680.00,63220.20,16771072,9347,1150,7,0.99743
2026-07-10T00:00:00Z,63220.20,64630.89,62910.78,64120.31,11503251,6844,1107,6,1.00124
2026-07-11T00:00:00Z,64120.31,64470.39,63795.91,63816.37,4040237,3006,807,7,1.00177
2026-07-12T00:00:00Z,63816.37,64218.23,63621.10,63770.40,5201410,3496,773,7,0.99783
2026-07-13T00:00:00Z,63770.40,64378.20,61798.46,62257.76,18540683,9266,1092,7,1.00033
2026-07-14T00:00:00Z,62257.76,65047.50,61988.06,64977.84,14865706,8021,1099,7,0.99719
2026-07-15T00:00:00Z,64977.84,65524.30,64467.00,64750.84,11666530,7089,1068,7,1.00133
2026-07-16T00:00:00Z,64750.84,64923.32,63735.71,63802.20,10910491,7320,1063,7,0.99735
2026-07-17T00:00:00Z,63802.20,64320.61,62510.03,63924.51,14090528,8905,1176,7,0.99714
2026-07-18T00:00:00Z,63924.51,64808.77,63852.75,64785.44,2720174,2592,742,7,0.99782
2026-07-19T00:00:00Z,64785.44,64901.70,63881.56,64672.78,5056723,3597,790,7,1.00165
2026-07-20T00:00:00Z,64672.78,65718.61,63676.65,65206.04,18663381,10352,1123,7,0.99938
2026-07-21T00:00:00Z,65206.04,66882.25,65024.87,66391.81,10177483,7165,1170,7,1.00124
2026-07-22T00:00:00Z,66391.81,66670.60,65492.45,66083.24,8851789,6596,1031,7,1.00139
2026-07-23T00:00:00Z,66083.24,66252.41,64601.80,65041.35,7080108,5622,975,7,0.99756
2026-07-24T00:00:00Z,65041.35,65738.10,63695.08,64113.48,9049374,6135,943,7,0.99724
2026-07-25T00:00:00Z,64113.48,64420.35,63727.03,64338.97,1944853,1782,649,7,0.99768
2026-07-26T00:00:00Z,64338.97,65507.13,64049.91,65319.79,3987264,2972,740,7,1.00141
2026-07-27T00:00:00Z,65319.79,65631.40,63590.01,63713.25,13802031,8395,1103,7,1.00154
2026-07-28T00:00:00Z,63713.25,64025.27,62724.99,63856.10,11216642,7694,1063,7,0.99697
2026-07-29T00:00:00Z,63856.10,64646.49,63245.06,63936.60,20342488,11214,1172,7,1.00106
2026-07-30T00:00:00Z,63936.60,65070.25,63564.69,64724.67,8367667,5748,997,7,0.99890
2026-07-31T00:00:00Z,64724.67,65330.52,62245.14,62804.50,13114368,7275,1049,7,1.00119
2026-08-01T00:00:00Z,62804.50,63239.40,62258.72,62805.50,3684628,2844,806,7,0.99698
2026-08-02T00:00:00Z,62805.50,63707.80,62566.53,63484.88,6296379,3942,864,7,0.99711
2026-08-03T00:00:00Z,63484.88,63999.98,62253.34,63446.39,12581632,7496,1041,7,1.00067
2026-08-04T00:00:00Z,63446.39,64626.02,63299.89,64119.56,10810768,7339,1058,7,0.99712
2026-08-05T00:00:00Z,64119.56,64955.70,63863.97,64614.03,9173800,6274,981,7,1.00096
2026-08-06T00:00:00Z,64614.03,64953.42,64138.43,64264.77,6717962,5110,965,7,1.00130
2026-08-07T00:00:00Z,64264.77,65320.42,64151.56,64870.40,8760309,6122,931,7,0.99697
2026-08-08T00:00:00Z,64870.40,65174.53,64651.85,64919.25,1972022,1385,610,6,1.00162
2026-08-09T00:00:00Z,64919.25,65382.88,64587.22,64836.62,2879022,1961,633,7,1.00188
2026-08-10T00:00:00Z,64836.62,65727.36,63781.03,63960.15,8324305,6318,972,7,1.00133
2026-08-11T00:00:00Z,63960.15,64433.41,63206.69,63574.19,5965611,4531,899,7,0.99695
2026-08-12T00:00:00Z,63574.19,64391.14,63226.09,63400.17,9822662,5804,946,7,0.99735
2026-08-13T00:00:00Z,63400.17,63920.47,62818.43,63401.39,8909862,5713,969,7,1.00143
2026-08-14T00:00:00Z,63401.39,63535.55,62526.39,62980.29,6741466,5416,1083,7,1.00123
2026-08-15T00:00:00Z,62980.29,63154.65,62839.83,63079.25,1367487,1529,684,6,1.00098
2026-08-16T00:00:00Z,63079.25,63309.23,62383.83,62843.94,2645219,1928,609,7,0.99704
2026-08-17T00:00:00Z,62843.94,64537.39,62694.39,64506.60,7718190,5153,946,7,1.00132
2026-08-18T00:00:00Z,64506.60,64977.75,64007.81,64719.22,5137152,3824,829,7,1.00146
2026-08-19T00:00:00Z,64719.22,69885.88,64147.93,69304.60,32561978,13885,1096,7,0.99706
2026-08-20T00:00:00Z,69304.60,73344.42,68892.28,73028.27,24800113,16654,1314,7,1.00110
2026-08-21T00:00:00Z,73028.27,79274.11,73028.23,78311.44,56644759,27986,1397,7,1.00151
2026-08-22T00:00:00Z,78311.44,78756.02,76559.77,77055.21,18294559,13927,1433,7,1.00163
2026-08-23T00:00:00Z,77055.21,78006.24,75712.34,77739.38,12418105,12226,1426,7,1.00201
2026-08-24T00:00:00Z,77739.38,79962.53,76700.37,78950.95,28696753,19779,1427,7,1.00231
2026-08-25T00:00:00Z,78950.95,81146.98,77905.28,78524.16,30897960,21655,1439,7,1.00199
2026-08-26T00:00:00Z,78524.16,79193.05,77676.49,79035.72,14144766,13156,1440,7,0.99872
2026-08-27T00:00:00Z,79035.72,80807.01,78595.82,80246.19,18058766,14541,1439,7,1.00219
2026-08-28T00:00:00Z,80246.19,81282.00,76906.77,77419.57,23193080,15515,1440,7,1.00223
2026-08-29T00:00:00Z,77419.57,78298.95,77375.87,78189.31,3380854,6494,1440,7,0.99803
2026-08-30T00:00:00Z,78189.31,79343.43,77124.42,77679.37,10297516,9676,1438,7,1.00225
2026-08-31T00:00:00Z,77679.37,79206.75,77416.09,78442.88,15736629,13389,1416,7,1.00219
2026-09-01T00:00:00Z,78442.88,79160.74,76428.97,77403.52,15866538,12955,1436,7,1.00151
2026-09-02T00:00:00Z,77403.52,77701.35,76222.57,77319.99,13915521,12267,1440,7,0.99751
2026-09-03T00:00:00Z,77319.99,82136.77,76931.26,81288.10,23854011,15936,1439,7,0.99882
2026-09-04T00:00:00Z,81288.10,81406.37,78685.10,79545.77,20487593,12640,1440,7,1.00201
2026-09-05T00:00:00Z,79545.77,80178.25,79265.26,79868.31,2282426,5660,1437,6,0.99826
2026-09-06T00:00:00Z,79868.31,80523.36,79365.19,80340.78,4665331,6995,1429,6,1.00272
2026-09-07T00:00:00Z,80340.78,80405.31,78660.89,79139.42,7501426,8482,1438,7,1.00252
2026-09-08T00:00:00Z,79139.42,79434.81,77636.93,78392.27,11328417,13539,1438,7,0.99755
2026-09-09T00:00:00Z,78392.27,79719.45,77722.77,78043.15,17474232,15391,1428,7,0.99749
2026-09-10T00:00:00Z,78043.15,78502.40,76497.55,76551.82,13024549,13614,1375,7,1.00053
2026-09-11T00:00:00Z,76551.82,79513.71,76113.59,77183.25,29532931,18764,1440,7,0.99764
2026-09-12T00:00:00Z,77183.25,77462.93,77074.82,77258.85,1125967,7962,1403,4,0.99999
2026-09-13T00:00:00Z,77258.85,77406.71,76528.53,76832.74,4826313,10358,1440,7,0.99891
2026-09-14T00:00:00Z,76832.74,79528.75,76403.30,78340.24,19025453,16824,1439,7,0.99764
2026-09-15T00:00:00Z,78340.24,78377.41,74959.03,75606.56,27593228,21793,1431,7,1.00189
2026-09-16T00:00:00Z,75606.56,76705.53,75025.26,75966.59,23068691,21705,1421,7,0.99773
2026-09-17T00:00:00Z,75966.59,77061.97,75966.57,76411.10,12621362,16671,1437,7,0.99943
2026-09-18T00:00:00Z,76411.10,81356.55,76278.02,80917.01,20604661,19744,1438,7,1.00122
2026-09-19T00:00:00Z,80917.01,81895.22,80673.33,81119.24,6271235,14552,1426,6,1.00171
2026-09-20T00:00:00Z,81119.24,81406.73,79604.53,81146.84,9604563,15484,1440,7,0.99742
2026-09-21T00:00:00Z,81146.84,87371.56,80884.60,86500.62,23776125,22047,1434,7,1.00212
2026-09-22T00:00:00Z,86500.62,86620.92,85134.44,86175.51,11330979,17263,1440,7,1.00183
2026-09-23T00:00:00Z,86175.51,87238.52,83619.20,84421.56,14186950,16601,1422,7,0.99952
2026-09-24T00:00:00Z,84421.56,84883.28,82381.88,84571.95,14203519,13468,1007,7,0.99808
