time,wbtc_usd,cbbtc_usd,spread_bps
2026-06-26T17:00:00Z,59900.62,60037.50,-22.8
2026-06-26T18:00:00Z,59659.95,59819.26,-26.6
2026-06-26T19:00:00Z,59745.75,59841.83,-16.1
2026-06-26T20:00:00Z,59591.15,59683.98,-15.6
2026-06-26T21:00:00Z,59708.78,59793.96,-14.2
2026-06-26T22:00:00Z,59745.06,59843.37,-16.4
2026-06-26T23:00:00Z,59841.42,59960.60,-19.9
2026-06-27T00:00:00Z,59869.72,59969.64,-16.7
2026-06-27T01:00:00Z,59835.18,59915.34,-13.4
2026-06-27T02:00:00Z,59985.03,60119.06,-22.3
2026-06-27T03:00:00Z,60119.02,60228.73,-18.2
2026-06-27T04:00:00Z,60196.35,60328.05,-21.8
2026-06-27T05:00:00Z,60090.78,60167.92,-12.8
2026-06-27T06:00:00Z,60148.48,60237.36,-14.8
2026-06-27T07:00:00Z,60234.84,60304.61,-11.6
2026-06-27T08:00:00Z,60298.23,60406.85,-18.0
2026-06-27T09:00:00Z,60247.16,60329.78,-13.7
2026-06-27T10:00:00Z,60272.10,60363.83,-15.2
2026-06-27T11:00:00Z,60182.13,60276.58,-15.7
2026-06-27T12:00:00Z,60182.50,60266.38,-13.9
2026-06-27T13:00:00Z,60427.56,60434.20,-1.1
2026-06-27T14:00:00Z,60450.79,60528.48,-12.8
2026-06-27T15:00:00Z,60633.84,60708.12,-12.2
2026-06-27T16:00:00Z,60631.23,60669.76,-6.4
2026-06-27T17:00:00Z,60433.49,60511.97,-13.0
2026-06-27T18:00:00Z,60347.45,60438.95,-15.1
2026-06-27T19:00:00Z,60291.74,60237.64,9.0
2026-06-27T20:00:00Z,60091.31,60181.07,-14.9
2026-06-27T21:00:00Z,60199.91,60257.61,-9.6
2026-06-27T22:00:00Z,59965.35,60067.27,-17.0
2026-06-27T23:00:00Z,59975.29,59990.56,-2.5
2026-06-28T00:00:00Z,59970.32,60070.02,-16.6
2026-06-28T01:00:00Z,59979.68,60057.02,-12.9
2026-06-28T02:00:00Z,59992.62,60086.36,-15.6
2026-06-28T03:00:00Z,60060.00,60159.82,-16.6
2026-06-28T04:00:00Z,60025.69,60099.39,-12.3
2026-06-28T05:00:00Z,59782.10,59912.95,-21.8
2026-06-28T06:00:00Z,59781.40,59877.98,-16.1
2026-06-28T07:00:00Z,59898.73,60047.19,-24.7
2026-06-28T08:00:00Z,60106.98,60156.07,-8.2
2026-06-28T09:00:00Z,60205.13,60288.55,-13.8
2026-06-28T10:00:00Z,60043.91,60094.03,-8.3
2026-06-28T11:00:00Z,60139.15,60220.89,-13.6
2026-06-28T12:00:00Z,60115.41,60205.15,-14.9
2026-06-28T13:00:00Z,59952.93,60040.65,-14.6
2026-06-28T14:00:00Z,59969.26,60061.10,-15.3
2026-06-28T15:00:00Z,59814.04,59957.77,-24.0
2026-06-28T16:00:00Z,59621.87,59705.18,-14.0
2026-06-28T17:00:00Z,59465.75,59543.46,-13.1
2026-06-28T18:00:00Z,59450.21,59558.14,-18.1
2026-06-28T19:00:00Z,59353.36,59434.40,-13.6
2026-06-28T20:00:00Z,59407.64,59584.42,-29.7
2026-06-28T21:00:00Z,59424.02,59516.29,-15.5
2026-06-28T22:00:00Z,59202.86,59282.48,-13.4
2026-06-28T23:00:00Z,59225.24,59360.47,-22.8
2026-06-29T00:00:00Z,59196.85,59311.46,-19.3
2026-06-29T01:00:00Z,59280.50,59384.03,-17.4
2026-06-29T02:00:00Z,59234.09,59403.46,-28.5
2026-06-29T03:00:00Z,59826.79,59924.49,-16.3
2026-06-29T04:00:00Z,59769.03,59847.76,-13.2
2026-06-29T05:00:00Z,59613.94,59656.05,-7.1
2026-06-29T06:00:00Z,59990.20,60058.90,-11.4
2026-06-29T07:00:00Z,59919.10,60016.89,-16.3
2026-06-29T08:00:00Z,59753.54,59865.92,-18.8
2026-06-29T09:00:00Z,59786.15,59892.13,-17.7
2026-06-29T10:00:00Z,59948.80,60067.79,-19.8
2026-06-29T11:00:00Z,59832.57,59913.38,-13.5
2026-06-29T12:00:00Z,60167.67,60249.88,-13.6
2026-06-29T13:00:00Z,59812.09,59936.35,-20.7
2026-06-29T14:00:00Z,59190.46,59303.98,-19.1
2026-06-29T15:00:00Z,59282.68,59412.26,-21.8
2026-06-29T16:00:00Z,59664.02,59713.15,-8.2
2026-06-29T17:00:00Z,60326.70,60377.88,-8.5
2026-06-29T18:00:00Z,60301.76,60311.15,-1.6
2026-06-29T19:00:00Z,60223.63,60277.45,-8.9
2026-06-29T20:00:00Z,60257.09,60371.00,-18.9
2026-06-29T21:00:00Z,60186.87,60330.38,-23.8
2026-06-29T22:00:00Z,60267.86,60359.68,-15.2
2026-06-29T23:00:00Z,60123.38,60205.75,-13.7
2026-06-30T00:00:00Z,59979.80,60038.58,-9.8
2026-06-30T01:00:00Z,59728.92,59825.65,-16.2
2026-06-30T02:00:00Z,59798.87,59871.70,-12.2
2026-06-30T03:00:00Z,59659.76,59764.45,-17.5
2026-06-30T04:00:00Z,59382.31,59501.01,-19.9
2026-06-30T05:00:00Z,59301.92,59418.25,-19.6
2026-06-30T06:00:00Z,59434.14,59508.02,-12.4
2026-06-30T07:00:00Z,59363.39,59440.15,-12.9
2026-06-30T08:00:00Z,59248.85,59331.16,-13.9
2026-06-30T09:00:00Z,59182.61,59258.38,-12.8
2026-06-30T10:00:00Z,59225.13,59292.00,-11.3
2026-06-30T11:00:00Z,59062.29,59201.00,-23.4
2026-06-30T12:00:00Z,58824.55,58815.71,1.5
2026-06-30T13:00:00Z,58326.35,58434.81,-18.6
2026-06-30T14:00:00Z,58629.00,58846.77,-37.0
2026-06-30T15:00:00Z,58254.00,58345.93,-15.8
2026-06-30T16:00:00Z,58283.29,58359.15,-13.0
2026-06-30T17:00:00Z,58299.96,58360.84,-10.4
2026-06-30T18:00:00Z,58384.24,58415.84,-5.4
2026-06-30T19:00:00Z,58539.21,58593.81,-9.3
2026-06-30T20:00:00Z,58592.78,58654.05,-10.4
2026-06-30T21:00:00Z,58487.46,58547.98,-10.3
2026-06-30T22:00:00Z,58482.96,58611.92,-22.0
2026-06-30T23:00:00Z,58496.01,58543.89,-8.2
2026-07-01T00:00:00Z,58370.58,58479.38,-18.6
2026-07-01T01:00:00Z,58211.24,58341.85,-22.4
2026-07-01T02:00:00Z,58789.25,58879.60,-15.3
2026-07-01T03:00:00Z,58912.51,58950.17,-6.4
2026-07-01T04:00:00Z,59108.42,59128.69,-3.4
2026-07-01T05:00:00Z,59070.33,59161.22,-15.4
2026-07-01T06:00:00Z,58822.80,58842.85,-3.4
2026-07-01T07:00:00Z,58606.39,58656.73,-8.6
2026-07-01T08:00:00Z,58627.10,58657.34,-5.2
2026-07-01T09:00:00Z,58801.79,58863.19,-10.4
2026-07-01T10:00:00Z,58696.41,58711.55,-2.6
2026-07-01T11:00:00Z,58569.82,58630.53,-10.4
2026-07-01T12:00:00Z,58416.47,58464.96,-8.3
2026-07-01T13:00:00Z,58733.58,58801.78,-11.6
2026-07-01T14:00:00Z,59626.33,59658.12,-5.3
2026-07-01T15:00:00Z,59965.03,60104.89,-23.3
2026-07-01T16:00:00Z,60030.76,60061.09,-5.0
2026-07-01T17:00:00Z,59957.57,60052.61,-15.8
2026-07-01T18:00:00Z,60042.90,60106.82,-10.6
2026-07-01T19:00:00Z,60095.59,60132.15,-6.1
2026-07-01T20:00:00Z,59918.27,59959.45,-6.9
2026-07-01T21:00:00Z,60315.46,60420.45,-17.4
2026-07-01T22:00:00Z,60595.17,60597.35,-0.4
2026-07-01T23:00:00Z,60187.78,60187.52,0.0
2026-07-02T00:00:00Z,59712.77,59795.54,-13.8
2026-07-02T01:00:00Z,59815.77,59944.36,-21.5
2026-07-02T02:00:00Z,60120.85,60200.36,-13.2
2026-07-02T03:00:00Z,60521.68,60558.64,-6.1
2026-07-02T04:00:00Z,60737.50,60846.77,-18.0
2026-07-02T05:00:00Z,60596.66,60679.78,-13.7
2026-07-02T06:00:00Z,60379.66,60427.50,-7.9
2026-07-02T07:00:00Z,60164.87,60180.11,-2.5
2026-07-02T08:00:00Z,60206.04,60298.84,-15.4
2026-07-02T09:00:00Z,60663.35,60669.22,-1.0
2026-07-02T10:00:00Z,61103.57,61153.44,-8.2
2026-07-02T11:00:00Z,61156.24,61234.94,-12.9
2026-07-02T12:00:00Z,61267.98,61308.41,-6.6
2026-07-02T13:00:00Z,61646.32,61718.53,-11.7
2026-07-02T14:00:00Z,61720.34,61679.51,6.6
2026-07-02T15:00:00Z,61518.73,61576.89,-9.4
2026-07-02T16:00:00Z,61399.01,61478.65,-13.0
2026-07-02T17:00:00Z,61645.58,61695.28,-8.1
2026-07-02T18:00:00Z,61693.37,61751.97,-9.5
2026-07-02T19:00:00Z,61517.47,61573.42,-9.1
2026-07-02T20:00:00Z,61443.25,61410.80,5.3
2026-07-02T21:00:00Z,61465.50,61496.89,-5.1
2026-07-02T22:00:00Z,61447.41,61463.94,-2.7
2026-07-02T23:00:00Z,61379.86,61407.22,-4.5
2026-07-03T00:00:00Z,61317.27,61343.17,-4.2
2026-07-03T01:00:00Z,61457.67,61507.30,-8.1
2026-07-03T02:00:00Z,61372.91,61409.36,-5.9
2026-07-03T03:00:00Z,61317.35,61360.57,-7.0
2026-07-03T04:00:00Z,61305.58,61363.24,-9.4
2026-07-03T05:00:00Z,61487.46,61559.07,-11.6
2026-07-03T06:00:00Z,61638.10,61663.56,-4.1
2026-07-03T07:00:00Z,61687.45,61702.13,-2.4
2026-07-03T08:00:00Z,61675.05,61709.32,-5.6
2026-07-03T09:00:00Z,61595.07,61610.22,-2.5
2026-07-03T10:00:00Z,61756.92,61742.92,2.3
2026-07-03T11:00:00Z,61867.15,61916.03,-7.9
2026-07-03T12:00:00Z,61930.75,61915.32,2.5
2026-07-03T13:00:00Z,61979.08,62005.28,-4.2
2026-07-03T14:00:00Z,61895.57,61902.76,-1.2
2026-07-03T15:00:00Z,62070.23,62019.31,8.2
2026-07-03T16:00:00Z,61973.92,62012.56,-6.2
2026-07-03T17:00:00Z,62112.55,62153.39,-6.6
2026-07-03T18:00:00Z,62127.16,62126.76,0.1
2026-07-03T19:00:00Z,62149.11,62180.86,-5.1
2026-07-03T20:00:00Z,62536.44,62571.41,-5.6
2026-07-03T21:00:00Z,62649.32,62665.84,-2.6
2026-07-03T22:00:00Z,62563.09,62582.81,-3.2
2026-07-03T23:00:00Z,62522.42,62556.73,-5.5
2026-07-04T00:00:00Z,62703.55,62727.60,-3.8
2026-07-04T01:00:00Z,62460.17,62473.38,-2.1
2026-07-04T02:00:00Z,62424.76,62437.01,-2.0
2026-07-04T03:00:00Z,62570.91,62605.90,-5.6
2026-07-04T04:00:00Z,62636.17,62644.39,-1.3
2026-07-04T05:00:00Z,62673.69,62491.61,29.1
2026-07-04T06:00:00Z,62447.64,62441.64,1.0
2026-07-04T07:00:00Z,62466.17,62479.78,-2.2
2026-07-04T08:00:00Z,62523.79,62516.67,1.1
2026-07-04T09:00:00Z,62445.43,62436.11,1.5
2026-07-04T10:00:00Z,62439.68,62444.49,-0.8
2026-07-04T11:00:00Z,62450.37,62468.33,-2.9
2026-07-04T12:00:00Z,62529.23,62504.35,4.0
2026-07-04T13:00:00Z,62563.16,62575.29,-1.9
2026-07-04T14:00:00Z,62587.16,62622.45,-5.6
2026-07-04T15:00:00Z,62822.77,62846.79,-3.8
2026-07-04T16:00:00Z,62867.54,62857.43,1.6
2026-07-04T17:00:00Z,63031.03,63026.27,0.8
2026-07-04T18:00:00Z,63187.40,63189.56,-0.3
2026-07-04T19:00:00Z,63248.17,63263.65,-2.4
2026-07-04T20:00:00Z,63233.02,63235.91,-0.5
2026-07-04T21:00:00Z,63300.53,63313.01,-2.0
2026-07-04T22:00:00Z,63188.56,63188.78,-0.0
2026-07-04T23:00:00Z,63070.45,63094.41,-3.8
2026-07-05T00:00:00Z,63012.33,63007.27,0.8
2026-07-05T01:00:00Z,62872.17,62911.39,-6.2
2026-07-05T02:00:00Z,62704.97,62719.88,-2.4
2026-07-05T03:00:00Z,62657.65,62682.74,-4.0
2026-07-05T04:00:00Z,62774.58,62755.82,3.0
2026-07-05T05:00:00Z,62723.06,62717.96,0.8
2026-07-05T06:00:00Z,62705.80,62726.21,-3.3
2026-07-05T07:00:00Z,62880.96,62780.34,16.0
2026-07-05T08:00:00Z,62933.72,62925.41,1.3
2026-07-05T09:00:00Z,62731.38,62708.36,3.7
2026-07-05T10:00:00Z,62607.42,62642.70,-5.6
2026-07-05T11:00:00Z,62620.51,62649.46,-4.6
2026-07-05T12:00:00Z,62601.72,62637.75,-5.8
2026-07-05T13:00:00Z,62697.32,62687.50,1.6
2026-07-05T14:00:00Z,62694.64,62693.50,0.2
2026-07-05T15:00:00Z,62744.88,62733.87,1.8
2026-07-05T16:00:00Z,62648.21,62647.00,0.2
2026-07-05T17:00:00Z,62654.18,62639.21,2.4
2026-07-05T18:00:00Z,62673.46,62690.94,-2.8
2026-07-05T19:00:00Z,62754.18,62763.67,-1.5
2026-07-05T20:00:00Z,62708.21,62691.72,2.6
2026-07-05T21:00:00Z,62780.98,62862.83,-13.0
2026-07-05T22:00:00Z,63499.06,63509.56,-1.7
2026-07-05T23:00:00Z,63714.40,63712.04,0.4
2026-07-06T00:00:00Z,63566.81,63574.18,-1.2
2026-07-06T01:00:00Z,63663.88,63682.64,-2.9
2026-07-06T02:00:00Z,63527.95,63488.07,6.3
2026-07-06T03:00:00Z,63303.96,63249.63,8.6
2026-07-06T04:00:00Z,63252.23,63260.56,-1.3
2026-07-06T05:00:00Z,63120.16,63088.27,5.1
2026-07-06T06:00:00Z,62987.34,63003.55,-2.6
2026-07-06T07:00:00Z,62945.98,62945.73,0.0
2026-07-06T08:00:00Z,62977.02,62984.89,-1.2
2026-07-06T09:00:00Z,62750.09,62773.08,-3.7
2026-07-06T10:00:00Z,62776.14,62797.41,-3.4
2026-07-06T11:00:00Z,62807.20,62810.05,-0.5
2026-07-06T12:00:00Z,61924.37,61961.84,-6.0
2026-07-06T13:00:00Z,61581.59,61621.09,-6.4
2026-07-06T14:00:00Z,61953.70,61975.55,-3.5
2026-07-06T15:00:00Z,62436.60,62414.57,3.5
2026-07-06T16:00:00Z,63565.19,63596.98,-5.0
2026-07-06T17:00:00Z,63725.82,63735.58,-1.5
2026-07-06T18:00:00Z,63727.13,63710.18,2.7
2026-07-06T19:00:00Z,63771.26,63758.64,2.0
2026-07-06T20:00:00Z,63705.79,63708.18,-0.4
2026-07-06T21:00:00Z,64295.04,64308.47,-2.1
2026-07-06T22:00:00Z,64269.43,64287.36,-2.8
2026-07-06T23:00:00Z,64148.58,64200.07,-8.0
2026-07-07T00:00:00Z,64125.16,64134.44,-1.4
2026-07-07T01:00:00Z,63941.58,63947.27,-0.9
2026-07-07T02:00:00Z,63590.84,63617.63,-4.2
2026-07-07T03:00:00Z,63290.55,63293.32,-0.4
2026-07-07T04:00:00Z,63167.87,63174.06,-1.0
2026-07-07T05:00:00Z,63041.37,63017.62,3.8
2026-07-07T06:00:00Z,63096.98,63092.87,0.7
2026-07-07T07:00:00Z,63228.76,63229.61,-0.1
2026-07-07T08:00:00Z,63082.71,63044.80,6.0
2026-07-07T09:00:00Z,63165.24,63160.27,0.8
2026-07-07T10:00:00Z,63268.30,63263.94,0.7
2026-07-07T11:00:00Z,63168.06,63149.82,2.9
2026-07-07T12:00:00Z,63527.50,63544.70,-2.7
2026-07-07T13:00:00Z,63241.64,63223.38,2.9
2026-07-07T14:00:00Z,63031.58,63021.46,1.6
2026-07-07T15:00:00Z,63586.87,63640.63,-8.4
2026-07-07T16:00:00Z,63944.01,63964.42,-3.2
2026-07-07T17:00:00Z,64038.59,64070.02,-4.9
2026-07-07T18:00:00Z,63990.97,64000.13,-1.4
2026-07-07T19:00:00Z,63587.03,63650.95,-10.0
2026-07-07T20:00:00Z,63661.10,63686.17,-3.9
2026-07-07T21:00:00Z,63486.05,63492.18,-1.0
2026-07-07T22:00:00Z,63385.38,63430.07,-7.0
2026-07-07T23:00:00Z,63465.67,63490.27,-3.9
2026-07-08T00:00:00Z,63532.39,63537.29,-0.8
2026-07-08T01:00:00Z,63329.28,63347.59,-2.9
2026-07-08T02:00:00Z,62831.29,62868.61,-5.9
2026-07-08T03:00:00Z,62882.59,62923.34,-6.5
2026-07-08T04:00:00Z,62766.56,62763.40,0.5
2026-07-08T05:00:00Z,62700.07,62724.02,-3.8
2026-07-08T06:00:00Z,62569.17,62564.90,0.7
2026-07-08T07:00:00Z,62651.04,62668.99,-2.9
2026-07-08T08:00:00Z,62136.11,62183.48,-7.6
2026-07-08T09:00:00Z,61954.51,61961.86,-1.2
2026-07-08T10:00:00Z,61950.35,62012.93,-10.1
2026-07-08T11:00:00Z,62105.42,62114.97,-1.5
2026-07-08T12:00:00Z,62138.46,62192.50,-8.7
2026-07-08T13:00:00Z,61870.28,61888.44,-2.9
2026-07-08T14:00:00Z,61872.76,61896.02,-3.8
2026-07-08T15:00:00Z,61655.11,61652.41,0.4
2026-07-08T16:00:00Z,61779.78,61847.72,-11.0
2026-07-08T17:00:00Z,62053.29,62122.94,-11.2
2026-07-08T18:00:00Z,62165.70,62152.49,2.1
2026-07-08T19:00:00Z,62132.61,62162.70,-4.8
2026-07-08T20:00:00Z,62156.61,62173.06,-2.6
2026-07-08T21:00:00Z,62067.85,62082.51,-2.4
2026-07-08T22:00:00Z,62206.31,62227.75,-3.4
2026-07-08T23:00:00Z,62213.60,62218.82,-0.8
2026-07-09T00:00:00Z,62156.17,62162.61,-1.0
2026-07-09T01:00:00Z,62159.02,62228.91,-11.2
2026-07-09T02:00:00Z,61825.75,61896.44,-11.4
2026-07-09T03:00:00Z,61856.70,61845.04,1.9
2026-07-09T04:00:00Z,62035.83,62061.10,-4.1
2026-07-09T05:00:00Z,62352.42,62372.19,-3.2
2026-07-09T06:00:00Z,62626.66,62643.19,-2.6
2026-07-09T07:00:00Z,62935.01,62913.64,3.4
2026-07-09T08:00:00Z,62936.34,62932.73,0.6
2026-07-09T09:00:00Z,62848.58,62838.94,1.5
2026-07-09T10:00:00Z,62883.81,62865.62,2.9
2026-07-09T11:00:00Z,62746.62,62727.65,3.0
2026-07-09T12:00:00Z,62698.53,62705.05,-1.0
2026-07-09T13:00:00Z,62746.72,62736.90,1.6
2026-07-09T14:00:00Z,62857.81,62859.90,-0.3
2026-07-09T15:00:00Z,62961.62,62968.40,-1.1
2026-07-09T16:00:00Z,62740.69,62745.89,-0.8
2026-07-09T17:00:00Z,62906.59,62848.14,9.3
2026-07-09T18:00:00Z,63233.16,63266.99,-5.3
2026-07-09T19:00:00Z,63210.27,63211.75,-0.2
2026-07-09T20:00:00Z,63212.48,63242.18,-4.7
2026-07-09T21:00:00Z,63236.54,63238.53,-0.3
2026-07-09T22:00:00Z,63233.62,63261.27,-4.4
2026-07-09T23:00:00Z,63168.14,63207.85,-6.3
2026-07-10T00:00:00Z,63052.70,63063.94,-1.8
2026-07-10T01:00:00Z,63307.89,63306.39,0.2
2026-07-10T02:00:00Z,63814.57,63814.02,0.1
2026-07-10T03:00:00Z,63825.97,63856.36,-4.8
2026-07-10T04:00:00Z,63937.82,63947.05,-1.4
2026-07-10T05:00:00Z,63970.15,63993.24,-3.6
2026-07-10T06:00:00Z,63883.60,63925.22,-6.5
2026-07-10T07:00:00Z,63886.31,63924.13,-5.9
2026-07-10T08:00:00Z,64145.91,64166.61,-3.2
2026-07-10T09:00:00Z,64252.38,64279.33,-4.2
2026-07-10T10:00:00Z,64306.52,64368.58,-9.6
2026-07-10T11:00:00Z,64376.21,64377.58,-0.2
2026-07-10T12:00:00Z,64356.49,64376.18,-3.1
2026-07-10T13:00:00Z,64317.10,64278.12,6.1
2026-07-10T14:00:00Z,64201.13,64097.28,16.2
2026-07-10T15:00:00Z,63967.18,63996.47,-4.6
2026-07-10T16:00:00Z,63985.55,63982.17,0.5
2026-07-10T17:00:00Z,63919.15,63925.69,-1.0
2026-07-10T18:00:00Z,63863.16,63885.47,-3.5
2026-07-10T19:00:00Z,63849.01,63851.29,-0.4
2026-07-10T20:00:00Z,63813.20,63824.58,-1.8
2026-07-10T21:00:00Z,63925.61,63919.85,0.9
2026-07-10T22:00:00Z,64033.39,63992.35,6.4
2026-07-10T23:00:00Z,64072.85,64063.03,1.5
2026-07-11T00:00:00Z,64028.89,64068.66,-6.2
2026-07-11T01:00:00Z,64110.08,64087.62,3.5
2026-07-11T02:00:00Z,64026.01,64015.47,1.6
2026-07-11T03:00:00Z,64098.06,64115.01,-2.6
2026-07-11T04:00:00Z,64083.47,64115.68,-5.0
2026-07-11T05:00:00Z,64115.81,64131.68,-2.5
2026-07-11T06:00:00Z,64156.81,64150.67,1.0
2026-07-11T07:00:00Z,64155.78,64162.55,-1.1
2026-07-11T08:00:00Z,64151.90,64206.51,-8.5
2026-07-11T09:00:00Z,64162.76,64202.08,-6.1
2026-07-11T10:00:00Z,64105.83,64118.20,-1.9
2026-07-11T11:00:00Z,64096.28,64139.47,-6.7
2026-07-11T12:00:00Z,64090.22,64142.22,-8.1
2026-07-11T13:00:00Z,64108.89,64158.49,-7.7
2026-07-11T14:00:00Z,64312.09,64340.15,-4.4
2026-07-11T15:00:00Z,64201.21,64130.72,11.0
2026-07-11T16:00:00Z,64111.31,64118.71,-1.2
2026-07-11T17:00:00Z,64152.57,64185.24,-5.1
2026-07-11T18:00:00Z,64262.35,64290.52,-4.4
2026-07-11T19:00:00Z,64233.80,64231.38,0.4
2026-07-11T20:00:00Z,64271.90,64291.62,-3.1
2026-07-11T21:00:00Z,64330.79,64347.30,-2.6
2026-07-11T22:00:00Z,64197.35,64245.49,-7.5
2026-07-11T23:00:00Z,63962.90,63979.56,-2.6
2026-07-12T00:00:00Z,63769.52,63802.20,-5.1
2026-07-12T01:00:00Z,63919.42,63946.34,-4.2
2026-07-12T02:00:00Z,64023.16,64060.36,-5.8
2026-07-12T03:00:00Z,64031.95,64092.43,-9.4
2026-07-12T04:00:00Z,63994.20,64019.72,-4.0
2026-07-12T05:00:00Z,63896.01,63924.37,-4.4
2026-07-12T06:00:00Z,63779.63,63768.36,1.8
2026-07-12T07:00:00Z,63790.92,63796.53,-0.9
2026-07-12T08:00:00Z,63850.85,63983.48,-20.7
2026-07-12T09:00:00Z,63814.17,63885.31,-11.1
2026-07-12T10:00:00Z,63858.41,63882.59,-3.8
2026-07-12T11:00:00Z,63848.85,63854.31,-0.9
2026-07-12T12:00:00Z,63959.96,64010.87,-8.0
2026-07-12T13:00:00Z,63980.88,64009.96,-4.5
2026-07-12T14:00:00Z,63953.43,63997.81,-6.9
2026-07-12T15:00:00Z,64109.38,64150.03,-6.3
2026-07-12T16:00:00Z,64049.64,64102.17,-8.2
2026-07-12T17:00:00Z,64065.33,64118.27,-8.3
2026-07-12T18:00:00Z,64017.18,64050.57,-5.2
2026-07-12T19:00:00Z,64111.39,64158.63,-7.4
2026-07-12T20:00:00Z,64133.54,64164.12,-4.8
2026-07-12T21:00:00Z,64032.38,64045.77,-2.1
2026-07-12T22:00:00Z,63740.98,63778.56,-5.9
2026-07-12T23:00:00Z,63746.12,63778.27,-5.0
2026-07-13T00:00:00Z,63978.01,63996.22,-2.8
2026-07-13T01:00:00Z,63661.47,63693.33,-5.0
2026-07-13T02:00:00Z,63389.31,63404.36,-2.4
2026-07-13T03:00:00Z,62987.48,62991.70,-0.7
2026-07-13T04:00:00Z,62738.97,62766.14,-4.3
2026-07-13T05:00:00Z,62683.30,62733.60,-8.0
2026-07-13T06:00:00Z,62759.48,62778.04,-3.0
2026-07-13T07:00:00Z,62790.93,62827.44,-5.8
2026-07-13T08:00:00Z,62959.51,62981.49,-3.5
2026-07-13T09:00:00Z,63118.98,63079.60,6.2
2026-07-13T10:00:00Z,63025.86,63034.00,-1.3
2026-07-13T11:00:00Z,62979.30,62956.46,3.6
2026-07-13T12:00:00Z,62781.24,62766.99,2.3
2026-07-13T13:00:00Z,62458.85,62491.48,-5.2
2026-07-13T14:00:00Z,62401.43,62484.05,-13.2
2026-07-13T15:00:00Z,62702.72,62703.77,-0.2
2026-07-13T16:00:00Z,62394.60,62375.70,3.0
2026-07-13T17:00:00Z,62158.05,62145.97,1.9
2026-07-13T18:00:00Z,61912.20,61915.67,-0.6
2026-07-13T19:00:00Z,61994.31,62007.79,-2.2
2026-07-13T20:00:00Z,62082.89,62110.31,-4.4
2026-07-13T21:00:00Z,61984.61,62020.93,-5.9
2026-07-13T22:00:00Z,61998.60,62045.58,-7.6
2026-07-13T23:00:00Z,62060.36,62090.15,-4.8
2026-07-14T00:00:00Z,62284.83,62313.82,-4.7
2026-07-14T01:00:00Z,62449.24,62466.54,-2.8
2026-07-14T02:00:00Z,62397.88,62453.31,-8.9
2026-07-14T03:00:00Z,62403.26,62414.74,-1.8
2026-07-14T04:00:00Z,62490.17,62552.12,-9.9
2026-07-14T05:00:00Z,62651.61,62700.29,-7.8
2026-07-14T06:00:00Z,62620.51,62627.58,-1.1
2026-07-14T07:00:00Z,62529.81,62524.72,0.8
2026-07-14T08:00:00Z,62619.62,62579.63,6.4
2026-07-14T09:00:00Z,62559.10,62606.97,-7.6
2026-07-14T10:00:00Z,62657.82,62655.12,0.4
2026-07-14T11:00:00Z,62749.06,62743.84,0.8
2026-07-14T12:00:00Z,63498.42,63412.12,13.6
2026-07-14T13:00:00Z,63857.81,63803.87,8.5
2026-07-14T14:00:00Z,63901.61,63817.47,13.2
2026-07-14T15:00:00Z,64388.81,64598.78,-32.5
2026-07-14T16:00:00Z,64763.62,64761.97,0.3
2026-07-14T17:00:00Z,64545.16,64486.57,9.1
2026-07-14T18:00:00Z,64552.37,64537.08,2.4
2026-07-14T19:00:00Z,64556.92,64558.59,-0.3
2026-07-14T20:00:00Z,64489.92,64458.60,4.9
2026-07-14T21:00:00Z,64714.61,64628.39,13.3
2026-07-14T22:00:00Z,64906.82,64895.71,1.7
2026-07-14T23:00:00Z,64919.77,64903.06,2.6
2026-07-15T00:00:00Z,64865.57,64838.87,4.1
2026-07-15T01:00:00Z,64841.61,64746.29,14.7
2026-07-15T02:00:00Z,64718.60,64649.38,10.7
2026-07-15T03:00:00Z,64639.22,64639.64,-0.1
2026-07-15T04:00:00Z,64770.70,64764.60,0.9
2026-07-15T05:00:00Z,64654.92,64667.38,-1.9
2026-07-15T06:00:00Z,64938.29,64952.79,-2.2
2026-07-15T07:00:00Z,64773.79,64685.49,13.7
2026-07-15T08:00:00Z,64628.08,64583.53,6.9
2026-07-15T09:00:00Z,64745.84,64744.77,0.2
2026-07-15T10:00:00Z,64646.03,64647.49,-0.2
2026-07-15T11:00:00Z,64663.14,64649.20,2.2
2026-07-15T12:00:00Z,64812.79,64781.25,4.9
2026-07-15T13:00:00Z,65295.25,65284.70,1.6
2026-07-15T14:00:00Z,65277.57,65275.18,0.4
2026-07-15T15:00:00Z,65360.85,65361.53,-0.1
2026-07-15T16:00:00Z,65075.12,65090.10,-2.3
2026-07-15T17:00:00Z,65015.76,64997.34,2.8
2026-07-15T18:00:00Z,64987.04,65004.06,-2.6
2026-07-15T19:00:00Z,64867.02,64870.95,-0.6
2026-07-15T20:00:00Z,64963.71,64968.16,-0.7
2026-07-15T21:00:00Z,64872.80,64853.88,2.9
2026-07-15T22:00:00Z,64869.49,64835.88,5.2
2026-07-15T23:00:00Z,64838.53,64831.90,1.0
2026-07-16T00:00:00Z,64644.68,64696.93,-8.1
2026-07-16T01:00:00Z,64593.97,64583.92,1.6
2026-07-16T02:00:00Z,64611.67,64605.80,0.9
2026-07-16T03:00:00Z,64620.66,64606.75,2.2
2026-07-16T04:00:00Z,64571.90,64574.38,-0.4
2026-07-16T05:00:00Z,64760.85,64764.92,-0.6
2026-07-16T06:00:00Z,64787.50,64779.29,1.3
2026-07-16T07:00:00Z,64472.67,64443.33,4.6
2026-07-16T08:00:00Z,64058.59,64100.66,-6.6
2026-07-16T09:00:00Z,64053.78,64061.71,-1.2
2026-07-16T10:00:00Z,64134.25,64151.19,-2.6
2026-07-16T11:00:00Z,64134.60,64135.36,-0.1
2026-07-16T12:00:00Z,63956.04,64049.84,-14.6
2026-07-16T13:00:00Z,64123.58,64195.33,-11.2
2026-07-16T14:00:00Z,64517.61,64580.46,-9.7
2026-07-16T15:00:00Z,64454.07,64614.55,-24.8
2026-07-16T16:00:00Z,64463.19,64499.63,-5.6
2026-07-16T17:00:00Z,64195.76,64183.52,1.9
2026-07-16T18:00:00Z,64174.55,64160.67,2.2
2026-07-16T19:00:00Z,64175.82,64194.37,-2.9
2026-07-16T20:00:00Z,64142.31,64148.46,-1.0
2026-07-16T21:00:00Z,64118.70,64140.26,-3.4
2026-07-16T22:00:00Z,64047.79,64100.52,-8.2
2026-07-16T23:00:00Z,63887.94,63894.61,-1.0
2026-07-17T00:00:00Z,63746.37,63774.98,-4.5
2026-07-17T01:00:00Z,63769.75,63811.98,-6.6
2026-07-17T02:00:00Z,63476.78,63516.45,-6.2
2026-07-17T03:00:00Z,63553.76,63584.65,-4.9
2026-07-17T04:00:00Z,63449.39,63461.42,-1.9
2026-07-17T05:00:00Z,63116.63,63161.83,-7.2
2026-07-17T06:00:00Z,62824.89,62837.44,-2.0
2026-07-17T07:00:00Z,62845.59,62865.03,-3.1
2026-07-17T08:00:00Z,62702.80,62776.11,-11.7
2026-07-17T09:00:00Z,62810.99,62892.58,-13.0
2026-07-17T10:00:00Z,62910.15,63023.92,-18.1
2026-07-17T11:00:00Z,63070.98,63122.84,-8.2
2026-07-17T12:00:00Z,63114.67,63141.67,-4.3
2026-07-17T13:00:00Z,62744.46,62807.20,-10.0
2026-07-17T14:00:00Z,63168.96,63221.94,-8.4
2026-07-17T15:00:00Z,63067.57,63111.69,-7.0
2026-07-17T16:00:00Z,63389.56,63408.98,-3.1
2026-07-17T17:00:00Z,63912.27,63961.73,-7.7
2026-07-17T18:00:00Z,63983.72,64029.19,-7.1
2026-07-17T19:00:00Z,64052.34,64107.12,-8.5
2026-07-17T20:00:00Z,63989.30,64035.55,-7.2
2026-07-17T21:00:00Z,64062.01,64118.82,-8.9
2026-07-17T22:00:00Z,63948.01,63992.24,-6.9
2026-07-17T23:00:00Z,63906.32,63938.78,-5.1
2026-07-18T00:00:00Z,63861.10,63918.51,-9.0
2026-07-18T01:00:00Z,63884.98,63918.07,-5.2
2026-07-18T02:00:00Z,63901.27,63947.66,-7.3
2026-07-18T03:00:00Z,63906.05,63942.47,-5.7
2026-07-18T04:00:00Z,63914.77,63957.18,-6.6
2026-07-18T05:00:00Z,63896.64,63932.31,-5.6
2026-07-18T06:00:00Z,64001.36,63939.46,9.7
2026-07-18T07:00:00Z,63903.61,63958.01,-8.5
2026-07-18T08:00:00Z,63925.79,63955.18,-4.6
2026-07-18T09:00:00Z,63901.51,63947.76,-7.2
2026-07-18T10:00:00Z,63905.51,63947.51,-6.6
2026-07-18T11:00:00Z,63920.12,63957.60,-5.9
2026-07-18T12:00:00Z,64045.99,64099.97,-8.4
2026-07-18T13:00:00Z,63974.59,64025.78,-8.0
2026-07-18T14:00:00Z,64052.95,64102.66,-7.8
2026-07-18T15:00:00Z,64046.36,64071.05,-3.9
2026-07-18T16:00:00Z,64073.11,64090.45,-2.7
2026-07-18T17:00:00Z,64230.87,64274.43,-6.8
2026-07-18T18:00:00Z,64422.26,64467.85,-7.1
2026-07-18T19:00:00Z,64490.06,64489.19,0.1
2026-07-18T20:00:00Z,64550.55,64589.00,-6.0
2026-07-18T21:00:00Z,64660.22,64671.42,-1.7
2026-07-18T22:00:00Z,64716.55,64744.27,-4.3
2026-07-18T23:00:00Z,64705.44,64773.91,-10.6
2026-07-19T00:00:00Z,64738.91,64781.38,-6.6
2026-07-19T01:00:00Z,64718.16,64763.28,-7.0
2026-07-19T02:00:00Z,64808.50,64824.26,-2.4
2026-07-19T03:00:00Z,64677.36,64652.78,3.8
2026-07-19T04:00:00Z,64623.35,64653.31,-4.6
2026-07-19T05:00:00Z,64668.85,64704.32,-5.5
2026-07-19T06:00:00Z,64653.02,64691.81,-6.0
2026-07-19T07:00:00Z,64612.84,64690.35,-12.0
2026-07-19T08:00:00Z,64597.25,64649.54,-8.1
2026-07-19T09:00:00Z,64607.89,64598.97,1.4
2026-07-19T10:00:00Z,64525.73,64573.11,-7.3
2026-07-19T11:00:00Z,64507.83,64524.04,-2.5
2026-07-19T12:00:00Z,64472.21,64395.20,12.0
2026-07-19T13:00:00Z,64309.07,64377.02,-10.6
2026-07-19T14:00:00Z,64410.75,64466.15,-8.6
2026-07-19T15:00:00Z,64491.28,64513.89,-3.5
2026-07-19T16:00:00Z,64479.39,64525.79,-7.2
2026-07-19T17:00:00Z,64502.74,64575.90,-11.3
2026-07-19T18:00:00Z,64338.12,64405.74,-10.5
2026-07-19T19:00:00Z,64337.45,64383.74,-7.2
2026-07-19T20:00:00Z,64379.52,64459.56,-12.4
2026-07-19T21:00:00Z,64366.04,64449.23,-12.9
2026-07-19T22:00:00Z,64545.98,64681.88,-21.0
2026-07-19T23:00:00Z,64587.82,64645.79,-9.0
2026-07-20T00:00:00Z,64727.69,64782.82,-8.5
2026-07-20T01:00:00Z,64650.00,64704.63,-8.4
2026-07-20T02:00:00Z,64692.91,64753.76,-9.4
2026-07-20T03:00:00Z,64711.48,64776.89,-10.1
2026-07-20T04:00:00Z,64628.77,64691.81,-9.7
2026-07-20T05:00:00Z,64201.13,64232.44,-4.9
2026-07-20T06:00:00Z,63880.62,63967.09,-13.5
2026-07-20T07:00:00Z,63900.77,64024.25,-19.3
2026-07-20T08:00:00Z,63931.76,64064.89,-20.8
2026-07-20T09:00:00Z,63971.27,64061.82,-14.1
2026-07-20T10:00:00Z,64162.87,64235.62,-11.3
2026-07-20T11:00:00Z,64635.56,64681.90,-7.2
2026-07-20T12:00:00Z,64661.44,64687.94,-4.1
2026-07-20T13:00:00Z,64489.57,64603.09,-17.6
2026-07-20T14:00:00Z,64278.16,64315.00,-5.7
2026-07-20T15:00:00Z,64824.84,64888.78,-9.9
2026-07-20T16:00:00Z,65364.35,65402.90,-5.9
2026-07-20T17:00:00Z,65373.46,65436.23,-9.6
2026-07-20T18:00:00Z,65447.26,65507.80,-9.2
2026-07-20T19:00:00Z,65152.04,65123.72,4.3
2026-07-20T20:00:00Z,65199.11,65249.07,-7.7
2026-07-20T21:00:00Z,65243.56,65302.22,-9.0
2026-07-20T22:00:00Z,65083.79,65158.02,-11.4
2026-07-20T23:00:00Z,65082.40,65175.32,-14.3
2026-07-21T00:00:00Z,65204.78,65320.08,-17.7
2026-07-21T01:00:00Z,65355.47,65399.02,-6.7
2026-07-21T02:00:00Z,65232.86,65289.72,-8.7
2026-07-21T03:00:00Z,65370.91,65430.76,-9.1
2026-07-21T04:00:00Z,65468.85,65504.87,-5.5
2026-07-21T05:00:00Z,65497.90,65561.06,-9.6
2026-07-21T06:00:00Z,65783.33,65758.99,3.7
2026-07-21T07:00:00Z,65965.27,65931.15,5.2
2026-07-21T08:00:00Z,66135.57,66199.54,-9.7
2026-07-21T09:00:00Z,66179.56,66192.19,-1.9
2026-07-21T10:00:00Z,66259.56,66255.06,0.7
2026-07-21T11:00:00Z,66125.48,66206.36,-12.2
2026-07-21T12:00:00Z,66337.52,66426.99,-13.5
2026-07-21T13:00:00Z,66470.42,66506.59,-5.4
2026-07-21T14:00:00Z,66710.36,66785.25,-11.2
2026-07-21T15:00:00Z,66602.04,66672.61,-10.6
2026-07-21T16:00:00Z,66592.02,66588.12,0.6
2026-07-21T17:00:00Z,66357.52,66428.43,-10.7
2026-07-21T18:00:00Z,66164.43,66240.71,-11.5
2026-07-21T19:00:00Z,66262.81,66317.28,-8.2
2026-07-21T20:00:00Z,66309.36,66394.46,-12.8
2026-07-21T21:00:00Z,66258.48,66319.01,-9.1
2026-07-21T22:00:00Z,66237.50,66262.38,-3.8
2026-07-21T23:00:00Z,66277.30,66330.84,-8.1
2026-07-22T00:00:00Z,66502.56,66580.99,-11.8
2026-07-22T01:00:00Z,66351.20,66422.92,-10.8
2026-07-22T02:00:00Z,66314.78,66365.22,-7.6
2026-07-22T03:00:00Z,66260.36,66262.99,-0.4
2026-07-22T04:00:00Z,66303.62,66323.44,-3.0
2026-07-22T05:00:00Z,66165.82,66124.59,6.2
2026-07-22T06:00:00Z,65845.95,65926.73,-12.3
2026-07-22T07:00:00Z,65803.52,65853.05,-7.5
2026-07-22T08:00:00Z,65914.12,65956.95,-6.5
2026-07-22T09:00:00Z,65805.71,65935.27,-19.6
2026-07-22T10:00:00Z,65921.29,65902.17,2.9
2026-07-22T11:00:00Z,65824.99,65983.66,-24.0
2026-07-22T12:00:00Z,65724.88,65768.56,-6.6
2026-07-22T13:00:00Z,65672.95,65722.44,-7.5
2026-07-22T14:00:00Z,65747.99,65746.47,0.2
2026-07-22T15:00:00Z,65831.50,65915.19,-12.7
2026-07-22T16:00:00Z,66020.86,66118.95,-14.8
2026-07-22T17:00:00Z,66054.03,66100.26,-7.0
2026-07-22T18:00:00Z,65882.18,65902.15,-3.0
2026-07-22T19:00:00Z,65785.57,65853.99,-10.4
2026-07-22T20:00:00Z,65823.30,65890.49,-10.2
2026-07-22T21:00:00Z,65837.25,65907.17,-10.6
2026-07-22T22:00:00Z,65914.26,65974.97,-9.2
2026-07-22T23:00:00Z,65880.88,65961.10,-12.2
2026-07-23T00:00:00Z,65997.80,66138.84,-21.3
2026-07-23T01:00:00Z,65872.92,65923.05,-7.6
2026-07-23T02:00:00Z,65705.05,65764.71,-9.1
2026-07-23T03:00:00Z,65576.09,65645.32,-10.5
2026-07-23T04:00:00Z,65559.47,65624.66,-9.9
2026-07-23T05:00:00Z,65577.16,65646.21,-10.5
2026-07-23T06:00:00Z,65602.95,65664.61,-9.4
2026-07-23T07:00:00Z,65335.87,65405.40,-10.6
2026-07-23T08:00:00Z,65468.38,65530.95,-9.5
2026-07-23T09:00:00Z,65577.96,65669.02,-13.9
2026-07-23T10:00:00Z,65527.87,65666.56,-21.1
2026-07-23T11:00:00Z,65544.55,65612.52,-10.4
2026-07-23T12:00:00Z,65209.36,65312.70,-15.8
2026-07-23T13:00:00Z,64950.15,65027.20,-11.8
2026-07-23T14:00:00Z,64966.57,64987.59,-3.2
2026-07-23T15:00:00Z,64781.29,64855.85,-11.5
2026-07-23T16:00:00Z,64685.65,64774.82,-13.8
2026-07-23T17:00:00Z,64704.67,64762.43,-8.9
2026-07-23T18:00:00Z,64684.07,64778.14,-14.5
2026-07-23T19:00:00Z,64718.66,64779.99,-9.5
2026-07-23T20:00:00Z,64827.26,64955.11,-19.7
2026-07-23T21:00:00Z,64991.28,65066.97,-11.6
2026-07-23T22:00:00Z,64993.08,65099.49,-16.3
2026-07-23T23:00:00Z,64991.27,65136.91,-22.4
2026-07-24T00:00:00Z,64810.92,64879.54,-10.6
2026-07-24T01:00:00Z,64965.73,65041.79,-11.7
2026-07-24T02:00:00Z,64923.23,65004.87,-12.6
2026-07-24T03:00:00Z,65119.07,65227.67,-16.6
2026-07-24T04:00:00Z,65257.52,65334.87,-11.8
2026-07-24T05:00:00Z,65244.34,65272.70,-4.3
2026-07-24T06:00:00Z,65258.18,65397.29,-21.3
2026-07-24T07:00:00Z,65481.00,65507.01,-4.0
2026-07-24T08:00:00Z,65335.82,65370.87,-5.4
2026-07-24T09:00:00Z,65107.96,65077.17,4.7
2026-07-24T10:00:00Z,64942.00,64982.99,-6.3
2026-07-24T11:00:00Z,64908.19,64951.27,-6.6
2026-07-24T12:00:00Z,64949.87,64973.36,-3.6
2026-07-24T13:00:00Z,64292.64,64355.45,-9.8
2026-07-24T14:00:00Z,63842.56,63872.52,-4.7
2026-07-24T15:00:00Z,63946.36,64040.14,-14.6
2026-07-24T16:00:00Z,63956.27,64018.71,-9.8
2026-07-24T17:00:00Z,63926.28,64018.36,-14.4
2026-07-24T18:00:00Z,64074.95,64117.99,-6.7
2026-07-24T19:00:00Z,64137.67,64163.70,-4.1
2026-07-24T20:00:00Z,64080.14,64167.89,-13.7
2026-07-24T21:00:00Z,63908.85,64112.58,-31.8
2026-07-24T22:00:00Z,64065.29,64093.42,-4.4
2026-07-24T23:00:00Z,64071.33,64116.26,-7.0
2026-07-25T00:00:00Z,64043.66,64112.91,-10.8
2026-07-25T01:00:00Z,63983.50,64038.71,-8.6
2026-07-25T02:00:00Z,63980.54,64003.63,-3.6
2026-07-25T04:00:00Z,64009.79,64049.58,-6.2
2026-07-25T05:00:00Z,63973.48,64043.15,-10.9
2026-07-25T06:00:00Z,63926.93,63952.72,-4.0
2026-07-25T07:00:00Z,63922.37,63955.33,-5.2
2026-07-25T08:00:00Z,63863.46,63909.59,-7.2
2026-07-25T09:00:00Z,63819.87,63857.94,-6.0
2026-07-25T10:00:00Z,63936.39,63963.49,-4.2
2026-07-25T11:00:00Z,63969.35,64003.96,-5.4
2026-07-25T12:00:00Z,63986.12,64014.89,-4.5
2026-07-25T13:00:00Z,63997.27,64053.46,-8.8
2026-07-25T14:00:00Z,64069.34,64099.62,-4.7
2026-07-25T15:00:00Z,64122.50,64155.46,-5.1
2026-07-25T16:00:00Z,64102.75,64119.39,-2.6
2026-07-25T17:00:00Z,64159.36,64168.21,-1.4
2026-07-25T18:00:00Z,64240.24,64307.44,-10.5
2026-07-25T19:00:00Z,64312.12,64358.77,-7.2
2026-07-25T20:00:00Z,64276.33,64311.46,-5.5
2026-07-25T21:00:00Z,64228.76,64279.05,-7.8
2026-07-25T22:00:00Z,64291.94,64334.88,-6.7
2026-07-25T23:00:00Z,64310.09,64342.84,-5.1
2026-07-26T00:00:00Z,64322.86,64353.28,-4.7
2026-07-26T01:00:00Z,64395.51,64439.49,-6.8
2026-07-26T02:00:00Z,64381.25,64405.39,-3.7
2026-07-26T03:00:00Z,64436.79,64449.40,-2.0
2026-07-26T04:00:00Z,64449.34,64484.31,-5.4
2026-07-26T05:00:00Z,64416.34,64396.50,3.1
2026-07-26T06:00:00Z,64294.56,64320.65,-4.1
2026-07-26T07:00:00Z,64320.43,64341.09,-3.2
2026-07-26T08:00:00Z,64324.51,64360.06,-5.5
2026-07-26T09:00:00Z,64430.43,64462.49,-5.0
2026-07-26T10:00:00Z,64450.11,64487.32,-5.8
2026-07-26T11:00:00Z,64450.02,64474.17,-3.7
2026-07-26T12:00:00Z,64480.89,64492.58,-1.8
2026-07-26T13:00:00Z,64393.76,64432.34,-6.0
2026-07-26T14:00:00Z,64576.38,64627.91,-8.0
2026-07-26T15:00:00Z,64638.29,64682.70,-6.9
2026-07-26T16:00:00Z,64700.43,64726.40,-4.0
2026-07-26T17:00:00Z,64640.20,64675.19,-5.4
2026-07-26T18:00:00Z,64636.00,64640.05,-0.6
2026-07-26T19:00:00Z,64630.51,64668.90,-5.9
2026-07-26T20:00:00Z,64618.42,64619.23,-0.1
2026-07-26T21:00:00Z,64742.94,64766.22,-3.6
2026-07-26T22:00:00Z,65147.51,65163.71,-2.5
2026-07-26T23:00:00Z,65305.03,65330.45,-3.9
2026-07-27T00:00:00Z,65190.26,65155.79,5.3
2026-07-27T01:00:00Z,65089.38,65046.36,6.6
2026-07-27T02:00:00Z,65117.99,65129.08,-1.7
2026-07-27T03:00:00Z,65207.33,65191.42,2.4
2026-07-27T04:00:00Z,65270.14,65278.91,-1.3
2026-07-27T05:00:00Z,65322.28,65333.53,-1.7
2026-07-27T06:00:00Z,65453.94,65480.01,-4.0
2026-07-27T07:00:00Z,65332.56,65349.82,-2.6
2026-07-27T08:00:00Z,65169.36,65171.99,-0.4
2026-07-27T09:00:00Z,65206.31,65234.68,-4.3
2026-07-27T10:00:00Z,65248.70,65302.47,-8.2
2026-07-27T11:00:00Z,65206.18,65153.01,8.2
2026-07-27T12:00:00Z,65124.81,65030.22,14.5
2026-07-27T13:00:00Z,65342.17,65198.37,22.1
2026-07-27T14:00:00Z,64900.75,64899.35,0.2
2026-07-27T15:00:00Z,64583.30,64560.89,3.5
2026-07-27T16:00:00Z,64632.60,64659.92,-4.2
2026-07-27T17:00:00Z,64794.43,64924.90,-20.1
2026-07-27T18:00:00Z,64785.81,64812.77,-4.2
2026-07-27T19:00:00Z,64915.16,64923.68,-1.3
2026-07-27T20:00:00Z,64911.41,64916.53,-0.8
2026-07-27T21:00:00Z,64788.53,64796.81,-1.3
2026-07-27T22:00:00Z,64259.65,64496.21,-36.7
2026-07-27T23:00:00Z,63698.14,63742.34,-6.9
2026-07-28T00:00:00Z,63609.67,63616.68,-1.1
2026-07-28T01:00:00Z,63211.95,63193.97,2.8
2026-07-28T02:00:00Z,63189.92,63172.12,2.8
2026-07-28T03:00:00Z,63230.73,63246.37,-2.5
2026-07-28T04:00:00Z,63261.88,63259.89,0.3
2026-07-28T05:00:00Z,63401.39,63421.35,-3.1
2026-07-28T06:00:00Z,63401.69,63430.80,-4.6
2026-07-28T07:00:00Z,63461.06,63496.70,-5.6
2026-07-28T08:00:00Z,63406.38,63407.93,-0.2
2026-07-28T09:00:00Z,63385.62,63399.94,-2.3
2026-07-28T10:00:00Z,63311.37,63345.15,-5.3
2026-07-28T11:00:00Z,63413.39,63411.73,0.3
2026-07-28T12:00:00Z,63409.10,63414.21,-0.8
2026-07-28T13:00:00Z,63071.99,63101.65,-4.7
2026-07-28T14:00:00Z,63131.59,63155.48,-3.8
2026-07-28T15:00:00Z,63676.55,63694.69,-2.8
2026-07-28T16:00:00Z,63811.42,63822.42,-1.7
2026-07-28T17:00:00Z,63663.35,63715.24,-8.1
2026-07-28T18:00:00Z,63692.12,63665.67,4.2
2026-07-28T19:00:00Z,63731.82,63710.88,3.3
2026-07-28T20:00:00Z,63858.62,63855.14,0.5
2026-07-28T21:00:00Z,63857.20,63886.41,-4.6
2026-07-28T22:00:00Z,63872.78,63841.95,4.8
2026-07-28T23:00:00Z,63734.41,63712.94,3.4
2026-07-29T00:00:00Z,63978.98,63958.28,3.2
2026-07-29T01:00:00Z,63842.12,63810.87,4.9
2026-07-29T02:00:00Z,63885.99,63846.14,6.2
2026-07-29T03:00:00Z,63842.49,63812.94,4.6
2026-07-29T04:00:00Z,63716.83,63711.19,0.9
2026-07-29T05:00:00Z,63895.04,63877.48,2.7
2026-07-29T06:00:00Z,64149.59,64151.37,-0.3
2026-07-29T07:00:00Z,64378.02,64390.89,-2.0
2026-07-29T08:00:00Z,64370.48,64350.18,3.2
2026-07-29T09:00:00Z,64557.20,64438.53,18.4
2026-07-29T10:00:00Z,64570.15,64576.17,-0.9
2026-07-29T11:00:00Z,64423.39,64413.46,1.5
2026-07-29T12:00:00Z,64408.52,64279.80,20.0
2026-07-29T13:00:00Z,64354.83,64292.63,9.7
2026-07-29T14:00:00Z,64253.37,64221.00,5.0
2026-07-29T15:00:00Z,64030.89,64013.74,2.7
2026-07-29T16:00:00Z,63888.04,63872.77,2.4
2026-07-29T17:00:00Z,63878.82,63794.04,13.3
2026-07-29T18:00:00Z,64250.86,64270.02,-3.0
2026-07-29T19:00:00Z,64081.97,64017.57,10.1
2026-07-29T20:00:00Z,63524.03,63511.76,1.9
2026-07-29T21:00:00Z,63431.58,63457.37,-4.1
2026-07-29T22:00:00Z,63923.06,63918.29,0.7
2026-07-29T23:00:00Z,63928.95,63915.07,2.2
2026-07-30T00:00:00Z,63819.03,63815.71,0.5
2026-07-30T01:00:00Z,63930.67,63844.11,13.6
2026-07-30T02:00:00Z,64228.54,64222.06,1.0
2026-07-30T03:00:00Z,64132.12,64125.06,1.1
2026-07-30T04:00:00Z,64059.30,64053.59,0.9
2026-07-30T05:00:00Z,64031.71,64018.86,2.0
2026-07-30T06:00:00Z,63951.44,63944.47,1.1
2026-07-30T07:00:00Z,63992.02,63991.04,0.2
2026-07-30T08:00:00Z,64054.74,64148.69,-14.6
2026-07-30T09:00:00Z,64314.15,64340.62,-4.1
2026-07-30T10:00:00Z,64515.53,64523.58,-1.2
2026-07-30T11:00:00Z,64543.65,64535.62,1.2
2026-07-30T12:00:00Z,64793.40,64807.41,-2.2
2026-07-30T13:00:00Z,64909.42,64805.77,16.0
2026-07-30T14:00:00Z,64775.57,64753.89,3.3
2026-07-30T15:00:00Z,64690.11,64669.87,3.1
2026-07-30T16:00:00Z,64766.42,64813.07,-7.2
2026-07-30T17:00:00Z,64838.30,64832.63,0.9
2026-07-30T18:00:00Z,64751.54,64730.91,3.2
2026-07-30T19:00:00Z,64824.66,64782.34,6.5
2026-07-30T20:00:00Z,64801.42,64781.15,3.1
2026-07-30T21:00:00Z,64740.00,64718.92,3.3
2026-07-30T22:00:00Z,64862.67,64872.37,-1.5
2026-07-30T23:00:00Z,64843.50,64850.90,-1.1
2026-07-31T00:00:00Z,64771.02,64743.08,4.3
2026-07-31T01:00:00Z,64984.02,64916.87,10.3
2026-07-31T02:00:00Z,64435.83,64389.22,7.2
2026-07-31T03:00:00Z,64290.71,64318.28,-4.3
2026-07-31T04:00:00Z,64278.11,64271.69,1.0
2026-07-31T05:00:00Z,64292.62,64309.25,-2.6
2026-07-31T06:00:00Z,64309.33,64323.97,-2.3
2026-07-31T07:00:00Z,64057.95,64025.59,5.1
2026-07-31T08:00:00Z,63887.47,63860.49,4.2
2026-07-31T09:00:00Z,63773.14,63758.69,2.3
2026-07-31T10:00:00Z,63718.44,63767.07,-7.6
2026-07-31T11:00:00Z,63860.29,63861.24,-0.1
2026-07-31T12:00:00Z,63688.36,63678.46,1.6
2026-07-31T13:00:00Z,63497.39,63567.08,-11.0
2026-07-31T14:00:00Z,62641.57,62634.87,1.1
2026-07-31T15:00:00Z,62569.64,62585.51,-2.5
2026-07-31T16:00:00Z,62781.54,62785.47,-0.6
2026-07-31T17:00:00Z,62857.46,62900.86,-6.9
2026-07-31T18:00:00Z,63056.61,63056.06,0.1
2026-07-31T19:00:00Z,63020.42,62985.10,5.6
2026-07-31T20:00:00Z,62944.50,62936.08,1.3
2026-07-31T21:00:00Z,62938.87,62953.66,-2.4
2026-07-31T22:00:00Z,62944.16,62907.58,5.8
2026-07-31T23:00:00Z,62931.78,62911.25,3.3
2026-08-01T00:00:00Z,62913.94,62915.13,-0.2
2026-08-01T01:00:00Z,62940.52,62908.28,5.1
2026-08-01T02:00:00Z,63003.14,62965.30,6.0
2026-08-01T03:00:00Z,62995.48,62951.54,7.0
2026-08-01T04:00:00Z,63019.50,62978.32,6.5
2026-08-01T05:00:00Z,63040.77,63032.17,1.4
2026-08-01T06:00:00Z,63013.82,62991.51,3.5
2026-08-01T07:00:00Z,63047.49,63007.62,6.3
2026-08-01T08:00:00Z,63064.23,63022.90,6.6
2026-08-01T09:00:00Z,63055.93,63061.87,-0.9
2026-08-01T10:00:00Z,63036.51,62987.36,7.8
2026-08-01T11:00:00Z,63042.08,63012.94,4.6
2026-08-01T12:00:00Z,63080.76,63036.73,7.0
2026-08-01T13:00:00Z,63102.39,63037.88,10.2
2026-08-01T14:00:00Z,63094.76,63051.19,6.9
2026-08-01T15:00:00Z,63100.43,63038.28,9.9
2026-08-01T16:00:00Z,62982.71,62912.06,11.2
2026-08-01T17:00:00Z,62858.05,62806.29,8.2
2026-08-01T18:00:00Z,62555.79,62501.15,8.7
2026-08-01T19:00:00Z,62543.20,62483.74,9.5
2026-08-01T20:00:00Z,62547.52,62540.13,1.2
2026-08-01T21:00:00Z,62655.35,62720.96,-10.5
2026-08-01T22:00:00Z,62674.94,62795.06,-19.1
2026-08-01T23:00:00Z,62799.85,62753.99,7.3
2026-08-02T00:00:00Z,62855.52,62829.46,4.1
2026-08-02T01:00:00Z,62965.53,62948.18,2.8
2026-08-02T02:00:00Z,63386.97,63359.74,4.3
2026-08-02T03:00:00Z,63430.82,63406.56,3.8
2026-08-02T04:00:00Z,63408.01,63466.87,-9.3
2026-08-02T05:00:00Z,63470.44,63430.62,6.3
2026-08-02T06:00:00Z,63422.42,63420.28,0.3
2026-08-02T07:00:00Z,63463.77,63432.88,4.9
2026-08-02T08:00:00Z,63392.58,63335.05,9.1
2026-08-02T09:00:00Z,63226.71,63227.29,-0.1
2026-08-02T10:00:00Z,63185.27,63135.99,7.8
2026-08-02T11:00:00Z,63134.11,63102.58,5.0
2026-08-02T12:00:00Z,63116.54,63085.31,5.0
2026-08-02T13:00:00Z,63087.17,63039.82,7.5
2026-08-02T14:00:00Z,63103.53,63071.62,5.1
2026-08-02T15:00:00Z,63093.30,63055.84,5.9
2026-08-02T16:00:00Z,63159.87,63104.20,8.8
2026-08-02T17:00:00Z,63263.77,63233.88,4.7
2026-08-02T18:00:00Z,63397.58,63341.91,8.8
2026-08-02T19:00:00Z,63383.90,63326.01,9.1
2026-08-02T20:00:00Z,63455.65,63394.07,9.7
2026-08-02T21:00:00Z,63520.65,63506.29,2.3
2026-08-02T22:00:00Z,63551.18,63495.61,8.8
2026-08-02T23:00:00Z,63508.22,63461.11,7.4
2026-08-03T00:00:00Z,63397.25,63320.75,12.1
2026-08-03T01:00:00Z,63263.80,63160.14,16.4
2026-08-03T02:00:00Z,63153.02,63114.53,6.1
2026-08-03T03:00:00Z,63085.10,63060.38,3.9
2026-08-03T04:00:00Z,62900.83,62862.43,6.1
2026-08-03T05:00:00Z,62799.55,62757.27,6.7
2026-08-03T06:00:00Z,62766.28,62742.93,3.7
2026-08-03T07:00:00Z,62627.75,62565.35,10.0
2026-08-03T08:00:00Z,62480.34,62439.59,6.5
2026-08-03T09:00:00Z,62508.94,62551.26,-6.8
2026-08-03T10:00:00Z,62703.62,62671.73,5.1
2026-08-03T11:00:00Z,62673.21,62612.73,9.7
2026-08-03T12:00:00Z,62601.29,62566.48,5.6
2026-08-03T13:00:00Z,62828.98,62803.49,4.1
2026-08-03T14:00:00Z,63621.17,63594.80,4.1
2026-08-03T15:00:00Z,63750.77,63726.13,3.9
2026-08-03T16:00:00Z,63779.34,63793.49,-2.2
2026-08-03T17:00:00Z,63846.45,63799.14,7.4
2026-08-03T18:00:00Z,63850.08,63835.04,2.4
2026-08-03T19:00:00Z,63907.45,63879.96,4.3
2026-08-03T20:00:00Z,63893.18,63865.48,4.3
2026-08-03T21:00:00Z,63711.21,63702.14,1.4
2026-08-03T22:00:00Z,63533.27,63507.41,4.1
2026-08-03T23:00:00Z,63530.88,63512.69,2.9
2026-08-04T00:00:00Z,63421.93,63394.15,4.4
2026-08-04T01:00:00Z,63557.62,63505.15,8.3
2026-08-04T02:00:00Z,63740.54,63763.19,-3.6
2026-08-04T03:00:00Z,63770.83,63746.76,3.8
2026-08-04T04:00:00Z,63927.59,63812.12,18.1
2026-08-04T05:00:00Z,63940.12,63909.03,4.9
2026-08-04T06:00:00Z,63901.87,63765.85,21.3
2026-08-04T07:00:00Z,63690.91,63641.52,7.8
2026-08-04T08:00:00Z,63591.43,63574.38,2.7
2026-08-04T09:00:00Z,63540.74,63510.56,4.8
2026-08-04T10:00:00Z,63628.04,63501.77,19.9
2026-08-04T11:00:00Z,63741.56,63703.14,6.0
2026-08-04T12:00:00Z,63861.39,63850.46,1.7
2026-08-04T13:00:00Z,63910.70,63858.00,8.3
2026-08-04T14:00:00Z,63878.94,63857.66,3.3
2026-08-04T15:00:00Z,63989.84,63989.58,0.0
2026-08-04T16:00:00Z,63975.77,63991.94,-2.5
2026-08-04T17:00:00Z,64064.12,64036.44,4.3
2026-08-04T18:00:00Z,64219.91,64186.77,5.2
2026-08-04T19:00:00Z,64297.63,64289.66,1.2
2026-08-04T20:00:00Z,64192.39,64161.19,4.9
2026-08-04T21:00:00Z,64228.99,64196.55,5.1
2026-08-04T22:00:00Z,64201.94,64187.40,2.3
2026-08-04T23:00:00Z,64301.96,64244.13,9.0
2026-08-05T00:00:00Z,64181.41,64056.80,19.5
2026-08-05T01:00:00Z,64127.77,64101.50,4.1
2026-08-05T02:00:00Z,64368.36,64386.60,-2.8
2026-08-05T03:00:00Z,64296.69,64119.53,27.6
2026-08-05T04:00:00Z,64147.36,64122.21,3.9
2026-08-05T05:00:00Z,64345.15,64305.23,6.2
2026-08-05T06:00:00Z,64290.22,64270.23,3.1
2026-08-05T07:00:00Z,64188.19,64151.77,5.7
2026-08-05T08:00:00Z,64156.99,64140.57,2.6
2026-08-05T09:00:00Z,64119.96,64114.39,0.9
2026-08-05T10:00:00Z,64108.79,64096.19,2.0
2026-08-05T11:00:00Z,64053.91,64036.89,2.7
2026-08-05T12:00:00Z,64384.93,64344.86,6.2
2026-08-05T13:00:00Z,64182.15,64155.61,4.1
2026-08-05T14:00:00Z,64393.05,64353.54,6.1
2026-08-05T15:00:00Z,64504.60,64491.96,2.0
2026-08-05T16:00:00Z,64628.96,64602.12,4.2
2026-08-05T17:00:00Z,64627.05,64613.92,2.0
2026-08-05T18:00:00Z,64682.93,64672.37,1.6
2026-08-05T19:00:00Z,64823.42,64829.60,-1.0
2026-08-05T20:00:00Z,64829.56,64866.32,-5.7
2026-08-05T21:00:00Z,64677.72,64671.45,1.0
2026-08-05T22:00:00Z,64669.80,64660.66,1.4
2026-08-05T23:00:00Z,64614.03,64605.97,1.2
2026-08-06T00:00:00Z,64612.59,64604.00,1.3
2026-08-06T01:00:00Z,64669.41,64568.51,15.6
2026-08-06T02:00:00Z,64526.12,64503.03,3.6
2026-08-06T03:00:00Z,64514.51,64493.64,3.2
2026-08-06T04:00:00Z,64560.49,64596.69,-5.6
2026-08-06T05:00:00Z,64862.53,64834.01,4.4
2026-08-06T06:00:00Z,64794.52,64769.72,3.8
2026-08-06T07:00:00Z,64852.10,64837.67,2.2
2026-08-06T08:00:00Z,64857.41,64769.82,13.5
2026-08-06T09:00:00Z,64732.07,64715.48,2.6
2026-08-06T10:00:00Z,64604.41,64595.47,1.4
2026-08-06T11:00:00Z,64674.76,64558.64,18.0
2026-08-06T12:00:00Z,64539.39,64479.49,9.3
2026-08-06T13:00:00Z,64325.60,64314.06,1.8
2026-08-06T14:00:00Z,64467.32,64448.15,3.0
2026-08-06T15:00:00Z,64753.21,64742.18,1.7
2026-08-06T16:00:00Z,64614.16,64624.11,-1.5
2026-08-06T17:00:00Z,64700.94,64663.45,5.8
2026-08-06T18:00:00Z,64516.74,64491.13,4.0
2026-08-06T19:00:00Z,64401.09,64377.32,3.7
2026-08-06T20:00:00Z,64459.58,64433.35,4.1
2026-08-06T21:00:00Z,64429.69,64431.78,-0.3
2026-08-06T22:00:00Z,64372.46,64367.90,0.7
2026-08-06T23:00:00Z,64281.47,64256.05,4.0
2026-08-07T00:00:00Z,64278.14,64251.91,4.1
2026-08-07T01:00:00Z,64344.27,64351.06,-1.1
2026-08-07T02:00:00Z,64327.01,64347.76,-3.2
2026-08-07T03:00:00Z,64297.33,64295.82,0.2
2026-08-07T04:00:00Z,64265.25,64248.76,2.6
2026-08-07T05:00:00Z,64227.17,64191.16,5.6
2026-08-07T06:00:00Z,64349.12,64323.88,3.9
2026-08-07T07:00:00Z,64313.19,64320.48,-1.1
2026-08-07T08:00:00Z,64377.55,64417.91,-6.3
2026-08-07T09:00:00Z,64610.98,64707.79,-15.0
2026-08-07T10:00:00Z,64821.44,64818.15,0.5
2026-08-07T11:00:00Z,64972.78,64995.74,-3.5
2026-08-07T12:00:00Z,65132.29,65116.77,2.4
2026-08-07T13:00:00Z,65198.23,65180.42,2.7
2026-08-07T14:00:00Z,65085.44,64998.51,13.4
2026-08-07T15:00:00Z,64985.32,64952.79,5.0
2026-08-07T16:00:00Z,64978.87,64924.50,8.4
2026-08-07T17:00:00Z,64724.76,64687.15,5.8
2026-08-07T18:00:00Z,64784.89,64764.05,3.2
2026-08-07T19:00:00Z,64854.12,64805.41,7.5
2026-08-07T20:00:00Z,64958.53,64946.02,1.9
2026-08-07T21:00:00Z,64966.29,64953.13,2.0
2026-08-07T22:00:00Z,64915.59,64870.73,6.9
2026-08-07T23:00:00Z,64847.56,64871.36,-3.7
2026-08-08T00:00:00Z,64860.99,64874.56,-2.1
2026-08-08T01:00:00Z,64855.90,64910.30,-8.4
2026-08-08T02:00:00Z,64756.20,64902.97,-22.6
2026-08-08T03:00:00Z,64925.90,64967.25,-6.4
2026-08-08T04:00:00Z,65007.66,64996.27,1.8
2026-08-08T05:00:00Z,65004.48,64993.86,1.6
2026-08-08T06:00:00Z,64988.21,64955.62,5.0
2026-08-08T08:00:00Z,64963.18,64950.41,2.0
2026-08-08T09:00:00Z,65008.11,64976.97,4.8
2026-08-08T10:00:00Z,65019.72,64988.24,4.8
2026-08-08T11:00:00Z,64995.20,64971.36,3.7
2026-08-08T12:00:00Z,64984.72,64971.84,2.0
2026-08-08T13:00:00Z,65014.97,64972.67,6.5
2026-08-08T14:00:00Z,65090.30,65056.23,5.2
2026-08-08T15:00:00Z,65101.37,65067.39,5.2
2026-08-08T16:00:00Z,65057.74,65050.01,1.2
2026-08-08T17:00:00Z,65094.51,65066.73,4.3
2026-08-08T18:00:00Z,65084.38,65053.63,4.7
2026-08-08T19:00:00Z,65037.44,65006.07,4.8
2026-08-08T20:00:00Z,65024.48,65020.66,0.6
2026-08-08T21:00:00Z,65028.51,65016.34,1.9
2026-08-08T22:00:00Z,64982.25,64959.93,3.4
2026-08-08T23:00:00Z,64942.55,64922.40,3.1
2026-08-09T00:00:00Z,64930.44,64919.30,1.7
2026-08-09T01:00:00Z,64927.65,64895.59,4.9
2026-08-09T02:00:00Z,64847.51,64801.21,7.1
2026-08-09T03:00:00Z,64786.94,64730.35,8.7
2026-08-09T04:00:00Z,64781.82,64748.82,5.1
2026-08-09T05:00:00Z,64790.15,64756.90,5.1
2026-08-09T06:00:00Z,64798.35,64777.93,3.2
2026-08-09T07:00:00Z,64838.19,64799.38,6.0
2026-08-09T08:00:00Z,64835.36,64820.99,2.2
2026-08-09T09:00:00Z,64801.41,64781.17,3.1
2026-08-09T10:00:00Z,64844.48,64877.76,-5.1
2026-08-09T11:00:00Z,64824.57,64923.82,-15.3
2026-08-09T12:00:00Z,64926.56,64904.39,3.4
2026-08-09T13:00:00Z,64993.86,64991.56,0.4
2026-08-09T14:00:00Z,65177.29,65148.91,4.4
2026-08-09T15:00:00Z,65227.32,65194.92,5.0
2026-08-09T16:00:00Z,65202.64,65185.78,2.6
2026-08-09T17:00:00Z,65173.14,65187.26,-2.2
2026-08-09T18:00:00Z,65158.48,65168.83,-1.6
2026-08-09T20:00:00Z,65105.87,65086.74,2.9
2026-08-09T21:00:00Z,65191.19,65134.54,8.7
2026-08-09T22:00:00Z,65229.10,65179.77,7.6
2026-08-09T23:00:00Z,65022.26,64951.03,11.0
2026-08-10T00:00:00Z,65002.44,64971.73,4.7
2026-08-10T01:00:00Z,65032.32,64983.30,7.5
2026-08-10T02:00:00Z,65104.34,65068.78,5.5
2026-08-10T03:00:00Z,65025.24,64998.25,4.2
2026-08-10T04:00:00Z,64997.60,64989.67,1.2
2026-08-10T05:00:00Z,65012.51,65010.66,0.3
2026-08-10T06:00:00Z,65175.38,65157.33,2.8
2026-08-10T07:00:00Z,65261.39,65233.89,4.2
2026-08-10T08:00:00Z,65239.66,65216.20,3.6
2026-08-10T09:00:00Z,65141.97,65110.82,4.8
2026-08-10T10:00:00Z,65036.37,64992.24,6.8
2026-08-10T11:00:00Z,65033.64,65023.93,1.5
2026-08-10T12:00:00Z,65088.80,65024.55,9.9
2026-08-10T13:00:00Z,64711.63,64745.30,-5.2
2026-08-10T14:00:00Z,64720.99,64706.68,2.2
2026-08-10T15:00:00Z,64391.40,64440.56,-7.6
2026-08-10T16:00:00Z,64062.81,64065.70,-0.5
2026-08-10T17:00:00Z,63932.55,63898.95,5.3
2026-08-10T18:00:00Z,63892.40,63883.15,1.4
2026-08-10T19:00:00Z,63979.16,63926.61,8.2
2026-08-10T20:00:00Z,64020.03,64032.70,-2.0
2026-08-10T21:00:00Z,64036.40,64039.49,-0.5
2026-08-10T22:00:00Z,63967.50,63944.19,3.6
2026-08-10T23:00:00Z,63940.84,63909.70,4.9
2026-08-11T00:00:00Z,63928.48,63919.94,1.3
2026-08-11T01:00:00Z,63988.76,63981.77,1.1
2026-08-11T02:00:00Z,64030.97,64006.46,3.8
2026-08-11T03:00:00Z,64082.82,64068.75,2.2
2026-08-11T04:00:00Z,64052.66,64077.67,-3.9
2026-08-11T05:00:00Z,63964.80,63963.41,0.2
2026-08-11T06:00:00Z,63911.61,63900.47,1.7
2026-08-11T07:00:00Z,63931.54,63928.36,0.5
2026-08-11T08:00:00Z,64056.66,64030.62,4.1
2026-08-11T09:00:00Z,64010.16,64090.56,-12.5
2026-08-11T10:00:00Z,64225.40,64205.55,3.1
2026-08-11T11:00:00Z,64167.75,64313.90,-22.7
2026-08-11T12:00:00Z,64262.33,64303.53,-6.4
2026-08-11T13:00:00Z,64177.70,64154.16,3.7
2026-08-11T14:00:00Z,63962.40,63980.13,-2.8
2026-08-11T15:00:00Z,63697.73,63705.00,-1.1
2026-08-11T16:00:00Z,63560.01,63535.75,3.8
2026-08-11T17:00:00Z,63486.48,63502.34,-2.5
2026-08-11T18:00:00Z,63369.17,63379.29,-1.6
2026-08-11T19:00:00Z,63352.63,63326.25,4.2
2026-08-11T20:00:00Z,63482.26,63595.82,-17.9
2026-08-11T21:00:00Z,63568.54,63612.49,-6.9
2026-08-11T22:00:00Z,63671.54,63678.44,-1.1
2026-08-11T23:00:00Z,63574.75,63543.84,4.9
2026-08-12T00:00:00Z,63668.46,63609.60,9.3
2026-08-12T01:00:00Z,63737.04,63689.51,7.5
2026-08-12T02:00:00Z,63791.93,63736.90,8.6
2026-08-12T03:00:00Z,63764.99,63714.73,7.9
2026-08-12T04:00:00Z,63778.97,63745.72,5.2
2026-08-12T05:00:00Z,63791.74,63753.13,6.1
2026-08-12T06:00:00Z,63674.80,63654.17,3.2
2026-08-12T07:00:00Z,63717.41,63701.32,2.5
2026-08-12T08:00:00Z,63762.84,63756.65,1.0
2026-08-12T09:00:00Z,63939.37,63882.72,8.9
2026-08-12T10:00:00Z,64097.75,64073.09,3.8
2026-08-12T11:00:00Z,64149.41,64118.30,4.9
2026-08-12T12:00:00Z,64207.15,64117.35,14.0
2026-08-12T13:00:00Z,64057.43,63960.37,15.2
2026-08-12T14:00:00Z,63694.46,63626.87,10.6
2026-08-12T15:00:00Z,63487.11,63441.34,7.2
2026-08-12T16:00:00Z,63470.05,63441.95,4.4
2026-08-12T17:00:00Z,63469.33,63430.37,6.1
2026-08-12T18:00:00Z,63427.76,63391.48,5.7
2026-08-12T19:00:00Z,63393.39,63315.87,12.2
2026-08-12T20:00:00Z,63474.56,63428.43,7.3
2026-08-12T21:00:00Z,63442.55,63460.08,-2.8
2026-08-12T22:00:00Z,63393.27,63378.55,2.3
2026-08-12T23:00:00Z,63361.71,63354.85,1.1
2026-08-13T00:00:00Z,63513.93,63515.66,-0.3
2026-08-13T01:00:00Z,63467.55,63426.53,6.5
2026-08-13T02:00:00Z,63423.52,63398.74,3.9
2026-08-13T03:00:00Z,63521.08,63539.10,-2.8
2026-08-13T04:00:00Z,63597.04,63602.47,-0.9
2026-08-13T05:00:00Z,63780.08,63852.11,-11.3
2026-08-13T06:00:00Z,63795.82,63784.82,1.7
2026-08-13T07:00:00Z,63835.44,63827.02,1.3
2026-08-13T08:00:00Z,63809.33,63762.34,7.4
2026-08-13T09:00:00Z,63678.58,63654.33,3.8
2026-08-13T10:00:00Z,63613.10,63591.63,3.4
2026-08-13T11:00:00Z,63481.23,63441.34,6.3
2026-08-13T12:00:00Z,63474.21,63496.55,-3.5
2026-08-13T13:00:00Z,63589.72,63671.00,-12.8
2026-08-13T14:00:00Z,63779.10,63765.72,2.1
2026-08-13T15:00:00Z,63678.64,63654.94,3.7
2026-08-13T16:00:00Z,63183.37,63294.88,-17.6
2026-08-13T17:00:00Z,63119.58,63129.74,-1.6
2026-08-13T18:00:00Z,63187.66,63129.22,9.3
2026-08-13T19:00:00Z,63357.94,63352.84,0.8
2026-08-13T20:00:00Z,63380.29,63366.17,2.2
2026-08-13T21:00:00Z,63389.85,63396.30,-1.0
2026-08-13T22:00:00Z,63472.10,63507.80,-5.6
2026-08-13T23:00:00Z,63417.25,63413.78,0.5
2026-08-14T00:00:00Z,63445.34,63430.99,2.3
2026-08-14T01:00:00Z,63469.62,63478.64,-1.4
2026-08-14T02:00:00Z,63481.69,63475.22,1.0
2026-08-14T03:00:00Z,63419.41,63402.29,2.7
2026-08-14T04:00:00Z,63336.26,63345.50,-1.5
2026-08-14T05:00:00Z,63293.65,63287.01,1.0
2026-08-14T06:00:00Z,63197.78,63157.04,6.5
2026-08-14T07:00:00Z,62969.52,62975.09,-0.9
2026-08-14T08:00:00Z,62863.71,62843.06,3.3
2026-08-14T09:00:00Z,62801.93,62811.41,-1.5
2026-08-14T10:00:00Z,62834.27,62807.05,4.3
2026-08-14T11:00:00Z,62813.80,62822.85,-1.4
2026-08-14T12:00:00Z,62803.84,62768.74,5.6
2026-08-14T13:00:00Z,62668.07,62635.09,5.3
2026-08-14T14:00:00Z,62634.08,62616.85,2.8
2026-08-14T15:00:00Z,62733.31,62777.18,-7.0
2026-08-14T16:00:00Z,63015.06,63000.26,2.4
2026-08-14T17:00:00Z,63130.08,63089.28,6.5
2026-08-14T18:00:00Z,62978.51,62945.85,5.2
2026-08-14T19:00:00Z,62967.11,62854.63,17.9
2026-08-14T20:00:00Z,62925.00,62896.03,4.6
2026-08-14T21:00:00Z,62894.45,62857.44,5.9
2026-08-14T22:00:00Z,62962.82,62808.34,24.6
2026-08-14T23:00:00Z,62929.61,62873.05,9.0
2026-08-15T00:00:00Z,62993.32,62971.91,3.4
2026-08-15T01:00:00Z,62984.89,62961.58,3.7
2026-08-15T02:00:00Z,63058.33,63022.29,5.7
2026-08-15T03:00:00Z,63089.20,63055.03,5.4
2026-08-15T04:00:00Z,63086.28,63041.44,7.1
2026-08-15T05:00:00Z,63058.06,63064.26,-1.0
2026-08-15T06:00:00Z,63028.66,63011.09,2.8
2026-08-15T07:00:00Z,63046.46,63037.61,1.4
2026-08-15T08:00:00Z,63034.14,62989.72,7.1
2026-08-15T09:00:00Z,62934.98,62897.75,5.9
2026-08-15T10:00:00Z,62982.38,62959.77,3.6
2026-08-15T11:00:00Z,63004.31,62963.73,6.4
2026-08-15T12:00:00Z,62977.06,62947.66,4.7
2026-08-15T13:00:00Z,63020.82,62982.85,6.0
2026-08-15T14:00:00Z,62998.49,62965.50,5.2
2026-08-15T15:00:00Z,63046.49,62990.98,8.8
2026-08-15T16:00:00Z,63063.81,63035.21,4.5
2026-08-15T17:00:00Z,63042.74,63032.31,1.7
2026-08-15T18:00:00Z,63040.01,63018.68,3.4
2026-08-15T19:00:00Z,63045.05,63023.85,3.4
2026-08-15T20:00:00Z,63059.30,63014.71,7.1
2026-08-15T21:00:00Z,63081.71,63055.53,4.2
2026-08-15T22:00:00Z,63108.26,63080.31,4.4
2026-08-15T23:00:00Z,63097.39,63077.11,3.2
2026-08-16T00:00:00Z,63062.99,63037.28,4.1
2026-08-16T01:00:00Z,63039.43,63021.48,2.8
2026-08-16T02:00:00Z,63062.72,63031.81,4.9
2026-08-16T03:00:00Z,63110.11,63068.82,6.5
2026-08-16T04:00:00Z,63113.69,63068.76,7.1
2026-08-16T05:00:00Z,63067.02,63036.01,4.9
2026-08-16T06:00:00Z,63026.63,63007.36,3.1
2026-08-16T07:00:00Z,63034.97,63006.58,4.5
2026-08-16T08:00:00Z,63063.01,63007.03,8.9
2026-08-16T09:00:00Z,62993.76,62986.59,1.1
2026-08-16T10:00:00Z,62989.51,62934.19,8.8
2026-08-16T11:00:00Z,62947.15,62927.34,3.1
2026-08-16T12:00:00Z,62962.29,62937.23,4.0
2026-08-16T13:00:00Z,63011.86,62972.21,6.3
2026-08-16T14:00:00Z,63094.43,63007.68,13.8
2026-08-16T15:00:00Z,63091.60,63037.54,8.6
2026-08-16T16:00:00Z,63215.97,63172.85,6.8
2026-08-16T17:00:00Z,63150.46,63151.55,-0.2
2026-08-16T18:00:00Z,63125.56,63086.53,6.2
2026-08-16T19:00:00Z,63141.29,63100.19,6.5
2026-08-16T20:00:00Z,63039.26,63054.63,-2.4
2026-08-16T21:00:00Z,62912.07,62971.47,-9.4
2026-08-16T22:00:00Z,62877.31,62810.08,10.7
2026-08-16T23:00:00Z,62861.08,62827.05,5.4
2026-08-17T00:00:00Z,62831.09,62809.29,3.5
2026-08-17T01:00:00Z,63049.01,63044.97,0.6
2026-08-17T02:00:00Z,63240.94,63217.61,3.7
2026-08-17T03:00:00Z,63339.08,63324.50,2.3
2026-08-17T04:00:00Z,63462.02,63436.97,3.9
2026-08-17T05:00:00Z,63470.31,63446.66,3.7
2026-08-17T06:00:00Z,63544.23,63497.13,7.4
2026-08-17T07:00:00Z,63547.08,63510.33,5.8
2026-08-17T08:00:00Z,63423.77,63374.13,7.8
2026-08-17T09:00:00Z,63438.26,63331.40,16.9
2026-08-17T10:00:00Z,63442.05,63465.92,-3.8
2026-08-17T11:00:00Z,63610.90,63604.51,1.0
2026-08-17T12:00:00Z,63546.68,63535.76,1.7
2026-08-17T13:00:00Z,63517.55,63548.07,-4.8
2026-08-17T14:00:00Z,63646.60,63596.73,7.8
2026-08-17T15:00:00Z,63897.87,63887.47,1.6
2026-08-17T16:00:00Z,64057.66,64056.52,0.2
2026-08-17T17:00:00Z,64186.90,64190.87,-0.6
2026-08-17T18:00:00Z,64397.61,64385.64,1.9
2026-08-17T19:00:00Z,64325.37,64331.37,-0.9
2026-08-17T20:00:00Z,64314.70,64313.72,0.2
2026-08-17T21:00:00Z,64311.76,64317.22,-0.8
2026-08-17T22:00:00Z,64315.29,64292.78,3.5
2026-08-17T23:00:00Z,64415.24,64389.04,4.1
2026-08-18T00:00:00Z,64408.53,64411.43,-0.4
2026-08-18T01:00:00Z,64315.79,64283.31,5.1
2026-08-18T02:00:00Z,64254.83,64146.62,16.9
2026-08-18T03:00:00Z,64070.44,64059.41,1.7
2026-08-18T04:00:00Z,64144.59,64094.84,7.8
2026-08-18T05:00:00Z,64173.23,64170.44,0.4
2026-08-18T06:00:00Z,64237.36,64217.16,3.1
2026-08-18T07:00:00Z,64209.22,64214.54,-0.8
2026-08-18T08:00:00Z,64154.64,64152.84,0.3
2026-08-18T09:00:00Z,64133.53,64140.93,-1.2
2026-08-18T10:00:00Z,64113.80,64122.55,-1.4
2026-08-18T11:00:00Z,64258.14,64291.89,-5.2
2026-08-18T12:00:00Z,64242.42,64231.86,1.6
2026-08-18T13:00:00Z,64114.81,64133.05,-2.8
2026-08-18T14:00:00Z,64639.90,64664.91,-3.9
2026-08-18T15:00:00Z,64727.75,64766.45,-6.0
2026-08-18T16:00:00Z,64733.14,64744.96,-1.8
2026-08-18T17:00:00Z,64745.52,64751.75,-1.0
2026-08-18T18:00:00Z,64674.57,64745.76,-11.0
2026-08-18T19:00:00Z,64707.94,64704.90,0.5
2026-08-18T20:00:00Z,64726.67,64594.75,20.4
2026-08-18T21:00:00Z,64649.76,64586.38,9.8
2026-08-18T22:00:00Z,64717.23,64561.04,24.2
2026-08-18T23:00:00Z,64675.12,64674.56,0.1
2026-08-19T00:00:00Z,64588.23,64589.82,-0.2
2026-08-19T01:00:00Z,64469.42,64452.87,2.6
2026-08-19T02:00:00Z,64390.13,64345.72,6.9
2026-08-19T03:00:00Z,64339.12,64326.20,2.0
2026-08-19T04:00:00Z,64325.25,64310.75,2.3
2026-08-19T05:00:00Z,64306.71,64307.08,-0.1
2026-08-19T06:00:00Z,64238.22,64255.61,-2.7
2026-08-19T07:00:00Z,64296.64,64294.93,0.3
2026-08-19T08:00:00Z,64400.99,64293.97,16.6
2026-08-19T09:00:00Z,64371.49,64354.77,2.6
2026-08-19T10:00:00Z,64364.64,64353.64,1.7
2026-08-19T11:00:00Z,64441.82,64452.39,-1.6
2026-08-19T12:00:00Z,64580.13,64643.54,-9.8
2026-08-19T13:00:00Z,64969.28,64926.60,6.6
2026-08-19T14:00:00Z,65354.21,65357.72,-0.5
2026-08-19T15:00:00Z,67641.80,67871.76,-33.9
2026-08-19T16:00:00Z,68618.53,68643.19,-3.6
2026-08-19T17:00:00Z,68128.95,68155.74,-3.9
2026-08-19T18:00:00Z,68158.26,68247.10,-13.0
2026-08-19T19:00:00Z,68294.04,68299.02,-0.7
2026-08-19T20:00:00Z,68615.11,68672.19,-8.3
2026-08-19T21:00:00Z,69623.97,69599.33,3.5
2026-08-19T22:00:00Z,69331.26,69304.71,3.8
2026-08-19T23:00:00Z,69256.71,69271.01,-2.1
2026-08-20T00:00:00Z,69532.78,69540.26,-1.1
2026-08-20T01:00:00Z,69536.10,69474.13,8.9
2026-08-20T02:00:00Z,69570.03,69493.03,11.1
2026-08-20T03:00:00Z,69159.05,69127.13,4.6
2026-08-20T04:00:00Z,69286.77,69293.67,-1.0
2026-08-20T05:00:00Z,69494.81,69457.42,5.4
2026-08-20T06:00:00Z,69589.84,69543.32,6.7
2026-08-20T07:00:00Z,69732.94,69682.64,7.2
2026-08-20T08:00:00Z,71273.24,71263.88,1.3
2026-08-20T09:00:00Z,71818.77,71797.85,2.9
2026-08-20T10:00:00Z,72026.87,71892.76,18.7
2026-08-20T11:00:00Z,72034.52,71990.38,6.1
2026-08-20T12:00:00Z,71749.89,71741.60,1.2
2026-08-20T13:00:00Z,71683.30,71708.59,-3.5
2026-08-20T14:00:00Z,71625.22,71605.13,2.8
2026-08-20T15:00:00Z,72245.57,72243.26,0.3
2026-08-20T16:00:00Z,72436.77,72429.36,1.0
2026-08-20T17:00:00Z,72715.00,72733.92,-2.6
2026-08-20T18:00:00Z,72558.83,72579.02,-2.8
2026-08-20T19:00:00Z,72541.10,72576.30,-4.8
2026-08-20T20:00:00Z,72700.07,72709.44,-1.3
2026-08-20T21:00:00Z,72727.16,72736.59,-1.3
2026-08-20T22:00:00Z,72708.44,72706.14,0.3
2026-08-20T23:00:00Z,73048.08,73037.62,1.4
2026-08-21T00:00:00Z,73645.62,73644.57,0.1
2026-08-21T01:00:00Z,74697.72,74656.68,5.5
2026-08-21T02:00:00Z,74762.60,74751.05,1.5
2026-08-21T03:00:00Z,74563.95,74532.90,4.2
2026-08-21T04:00:00Z,74795.35,74818.13,-3.0
2026-08-21T05:00:00Z,75187.77,75206.87,-2.5
2026-08-21T06:00:00Z,75385.86,75393.11,-1.0
2026-08-21T07:00:00Z,76325.34,76361.50,-4.7
2026-08-21T08:00:00Z,77375.57,77412.79,-4.8
2026-08-21T09:00:00Z,77857.46,77879.30,-2.8
2026-08-21T10:00:00Z,77824.46,77836.27,-1.5
2026-08-21T11:00:00Z,77173.01,77128.02,5.8
2026-08-21T12:00:00Z,76820.19,76900.70,-10.5
2026-08-21T13:00:00Z,77088.97,77087.26,0.2
2026-08-21T14:00:00Z,77023.70,77024.19,-0.1
2026-08-21T15:00:00Z,77523.85,77539.70,-2.0
2026-08-21T16:00:00Z,77217.61,77200.14,2.3
2026-08-21T17:00:00Z,77454.16,77427.87,3.4
2026-08-21T18:00:00Z,77152.39,77206.57,-7.0
2026-08-21T19:00:00Z,77107.35,77098.42,1.2
2026-08-21T20:00:00Z,77340.52,77392.91,-6.8
2026-08-21T21:00:00Z,78082.98,78052.26,3.9
2026-08-21T22:00:00Z,78459.40,78485.01,-3.3
2026-08-21T23:00:00Z,78426.21,78398.88,3.5
2026-08-22T00:00:00Z,77952.59,77941.56,1.4
2026-08-22T01:00:00Z,77968.79,77973.45,-0.6
2026-08-22T02:00:00Z,78227.76,78266.77,-5.0
2026-08-22T03:00:00Z,78531.51,78545.10,-1.7
2026-08-22T04:00:00Z,78471.54,78493.21,-2.8
2026-08-22T05:00:00Z,77259.36,77230.41,3.7
2026-08-22T06:00:00Z,77294.99,77314.22,-2.5
2026-08-22T07:00:00Z,77383.09,77392.19,-1.2
2026-08-22T08:00:00Z,77237.32,77289.79,-6.8
2026-08-22T09:00:00Z,77147.78,77186.50,-5.0
2026-08-22T10:00:00Z,76890.95,76903.23,-1.6
2026-08-22T11:00:00Z,76954.16,76962.58,-1.1
2026-08-22T12:00:00Z,77212.39,77233.65,-2.8
2026-08-22T13:00:00Z,77174.33,77208.84,-4.5
2026-08-22T14:00:00Z,77002.33,77053.38,-6.6
2026-08-22T15:00:00Z,76953.17,76998.03,-5.8
2026-08-22T16:00:00Z,77137.98,77220.11,-10.6
2026-08-22T17:00:00Z,77236.99,77264.00,-3.5
2026-08-22T18:00:00Z,77220.15,77255.78,-4.6
2026-08-22T19:00:00Z,77285.31,77309.75,-3.2
2026-08-22T20:00:00Z,77285.64,77370.24,-10.9
2026-08-22T21:00:00Z,77065.12,77124.78,-7.7
2026-08-22T22:00:00Z,77025.16,77051.66,-3.4
2026-08-22T23:00:00Z,76974.67,76987.23,-1.6
2026-08-23T00:00:00Z,77149.03,77101.57,6.2
2026-08-23T01:00:00Z,77207.62,77232.13,-3.2
2026-08-23T02:00:00Z,77090.94,77116.80,-3.4
2026-08-23T03:00:00Z,76998.14,77045.51,-6.1
2026-08-23T04:00:00Z,76797.01,76861.08,-8.3
2026-08-23T05:00:00Z,76145.09,76169.39,-3.2
2026-08-23T06:00:00Z,76162.79,76155.18,1.0
2026-08-23T07:00:00Z,76092.14,76108.03,-2.1
2026-08-23T08:00:00Z,76221.82,76266.53,-5.9
2026-08-23T09:00:00Z,76511.15,76541.99,-4.0
2026-08-23T10:00:00Z,76766.87,76705.42,8.0
2026-08-23T11:00:00Z,77143.07,77169.86,-3.5
2026-08-23T12:00:00Z,77088.25,77086.42,0.2
2026-08-23T13:00:00Z,77422.34,77455.29,-4.3
2026-08-23T14:00:00Z,77407.25,77442.63,-4.6
2026-08-23T15:00:00Z,77175.53,77185.29,-1.3
2026-08-23T16:00:00Z,77258.45,77265.23,-0.9
2026-08-23T17:00:00Z,77229.20,77271.28,-5.4
2026-08-23T18:00:00Z,77307.98,77323.84,-2.1
2026-08-23T19:00:00Z,77316.40,77349.23,-4.2
2026-08-23T20:00:00Z,77333.94,77376.70,-5.5
2026-08-23T21:00:00Z,77702.84,77762.84,-7.7
2026-08-23T22:00:00Z,77646.50,77681.54,-4.5
2026-08-23T23:00:00Z,77519.73,77551.95,-4.2
2026-08-24T00:00:00Z,77462.18,77490.62,-3.7
2026-08-24T01:00:00Z,77280.35,77329.46,-6.4
2026-08-24T02:00:00Z,77378.90,77313.68,8.4
2026-08-24T03:00:00Z,77139.14,77177.22,-4.9
2026-08-24T04:00:00Z,77037.80,77040.99,-0.4
2026-08-24T05:00:00Z,77034.13,77059.68,-3.3
2026-08-24T06:00:00Z,77309.37,77291.11,2.4
2026-08-24T07:00:00Z,77471.45,77480.01,-1.1
2026-08-24T08:00:00Z,77097.87,77100.26,-0.3
2026-08-24T09:00:00Z,77321.21,77288.96,4.2
2026-08-24T10:00:00Z,77719.12,77711.61,1.0
2026-08-24T11:00:00Z,77954.36,77993.96,-5.1
2026-08-24T12:00:00Z,78479.54,78497.97,-2.3
2026-08-24T13:00:00Z,78790.35,78747.13,5.5
2026-08-24T14:00:00Z,79255.04,79240.74,1.8
2026-08-24T15:00:00Z,79535.92,79574.04,-4.8
2026-08-24T16:00:00Z,79439.78,79410.00,3.7
2026-08-24T17:00:00Z,78860.59,78744.81,14.7
2026-08-24T18:00:00Z,78906.75,78923.12,-2.1
2026-08-24T19:00:00Z,78805.37,78838.00,-4.1
2026-08-24T20:00:00Z,78814.45,78744.62,8.9
2026-08-24T21:00:00Z,78939.79,78947.12,-0.9
2026-08-24T22:00:00Z,78803.79,78851.54,-6.1
2026-08-24T23:00:00Z,78861.24,78887.62,-3.3
2026-08-25T00:00:00Z,78948.27,78978.05,-3.8
2026-08-25T01:00:00Z,79679.96,79734.54,-6.8
2026-08-25T02:00:00Z,80743.26,80741.82,0.2
2026-08-25T03:00:00Z,80642.28,80689.21,-5.8
2026-08-25T04:00:00Z,80280.69,80356.04,-9.4
2026-08-25T05:00:00Z,80560.11,80593.31,-4.1
2026-08-25T06:00:00Z,80659.38,80710.33,-6.3
2026-08-25T07:00:00Z,80560.98,80621.92,-7.6
2026-08-25T08:00:00Z,79890.13,79926.16,-4.5
2026-08-25T09:00:00Z,79774.87,79792.92,-2.3
2026-08-25T10:00:00Z,79246.24,79273.94,-3.5
2026-08-25T11:00:00Z,79205.55,79222.83,-2.2
2026-08-25T12:00:00Z,78924.50,78927.98,-0.4
2026-08-25T13:00:00Z,78710.95,78771.08,-7.6
2026-08-25T14:00:00Z,78985.50,78976.75,1.1
2026-08-25T15:00:00Z,79224.61,79245.44,-2.6
2026-08-25T16:00:00Z,79199.34,79246.77,-6.0
2026-08-25T17:00:00Z,79064.87,79049.17,2.0
2026-08-25T18:00:00Z,79151.77,79192.33,-5.1
2026-08-25T19:00:00Z,78945.82,79012.51,-8.4
2026-08-25T20:00:00Z,78710.97,78739.98,-3.7
2026-08-25T21:00:00Z,78321.80,78352.65,-3.9
2026-08-25T22:00:00Z,78765.94,78763.11,0.4
2026-08-25T23:00:00Z,78651.00,78667.25,-2.1
2026-08-26T00:00:00Z,78471.15,78520.09,-6.2
2026-08-26T01:00:00Z,78779.09,78787.69,-1.1
2026-08-26T02:00:00Z,79025.82,79003.77,2.8
2026-08-26T03:00:00Z,79024.87,79047.39,-2.8
2026-08-26T04:00:00Z,78975.56,79004.09,-3.6
2026-08-26T05:00:00Z,78950.25,78928.73,2.7
2026-08-26T06:00:00Z,78873.60,78924.45,-6.4
2026-08-26T07:00:00Z,78949.00,78968.56,-2.5
2026-08-26T08:00:00Z,78889.04,78935.15,-5.8
2026-08-26T09:00:00Z,78490.76,78507.42,-2.1
2026-08-26T10:00:00Z,78540.57,78591.13,-6.4
2026-08-26T11:00:00Z,78620.96,78598.03,2.9
2026-08-26T12:00:00Z,78345.34,78379.70,-4.4
2026-08-26T13:00:00Z,78217.69,78230.48,-1.6
2026-08-26T14:00:00Z,78168.56,78217.43,-6.2
2026-08-26T15:00:00Z,77906.34,77941.78,-4.5
2026-08-26T16:00:00Z,78014.05,78045.25,-4.0
2026-08-26T17:00:00Z,78265.46,78278.10,-1.6
2026-08-26T18:00:00Z,78415.27,78448.22,-4.2
2026-08-26T19:00:00Z,78413.44,78450.19,-4.7
2026-08-26T20:00:00Z,78354.00,78392.58,-4.9
2026-08-26T21:00:00Z,78705.94,78708.41,-0.3
2026-08-26T22:00:00Z,78719.31,78763.54,-5.6
2026-08-26T23:00:00Z,78841.49,78852.78,-1.4
2026-08-27T00:00:00Z,78828.25,78868.60,-5.1
2026-08-27T01:00:00Z,78801.79,78813.75,-1.5
2026-08-27T02:00:00Z,78752.74,78815.99,-8.0
2026-08-27T03:00:00Z,78770.50,78838.45,-8.6
2026-08-27T04:00:00Z,78762.62,78779.06,-2.1
2026-08-27T05:00:00Z,78657.02,78702.09,-5.7
2026-08-27T06:00:00Z,78704.86,78743.02,-4.8
2026-08-27T07:00:00Z,78786.65,78825.55,-4.9
2026-08-27T08:00:00Z,79660.70,79663.14,-0.3
2026-08-27T09:00:00Z,80063.59,80052.61,1.4
2026-08-27T10:00:00Z,79609.37,79636.52,-3.4
2026-08-27T11:00:00Z,79488.76,79562.50,-9.3
2026-08-27T12:00:00Z,79387.40,79428.04,-5.1
2026-08-27T13:00:00Z,79285.29,79293.22,-1.0
2026-08-27T14:00:00Z,79806.30,79819.69,-1.7
2026-08-27T15:00:00Z,80389.08,80447.15,-7.2
2026-08-27T16:00:00Z,80405.19,80447.70,-5.3
2026-08-27T17:00:00Z,80520.55,80581.25,-7.5
2026-08-27T18:00:00Z,79939.84,80000.57,-7.6
2026-08-27T19:00:00Z,80106.56,80127.12,-2.6
2026-08-27T20:00:00Z,79999.56,80025.13,-3.2
2026-08-27T21:00:00Z,80041.86,80094.40,-6.6
2026-08-27T22:00:00Z,80229.22,80270.86,-5.2
2026-08-27T23:00:00Z,80246.19,80302.95,-7.1
2026-08-28T00:00:00Z,80386.30,80416.21,-3.7
2026-08-28T01:00:00Z,80871.45,80847.18,3.0
2026-08-28T02:00:00Z,80151.60,80100.72,6.4
2026-08-28T03:00:00Z,79881.06,79932.54,-6.4
2026-08-28T04:00:00Z,79747.37,79828.88,-10.2
2026-08-28T05:00:00Z,79700.38,79727.38,-3.4
2026-08-28T06:00:00Z,79820.71,79867.96,-5.9
2026-08-28T07:00:00Z,79679.38,79728.93,-6.2
2026-08-28T08:00:00Z,79729.55,79772.80,-5.4
2026-08-28T09:00:00Z,79368.22,79406.87,-4.9
2026-08-28T10:00:00Z,79254.16,79326.04,-9.1
2026-08-28T11:00:00Z,79583.14,79611.99,-3.6
2026-08-28T12:00:00Z,79494.46,79530.42,-4.5
2026-08-28T13:00:00Z,79274.93,79316.49,-5.2
2026-08-28T14:00:00Z,78930.65,79070.21,-17.6
2026-08-28T15:00:00Z,79188.99,79192.04,-0.4
2026-08-28T16:00:00Z,77771.05,77809.75,-5.0
2026-08-28T17:00:00Z,77821.80,77878.06,-7.2
2026-08-28T18:00:00Z,77524.34,77584.49,-7.8
2026-08-28T19:00:00Z,77630.23,77607.05,3.0
2026-08-28T20:00:00Z,77403.66,77448.54,-5.8
2026-08-28T21:00:00Z,77346.36,77400.10,-6.9
2026-08-28T22:00:00Z,77476.42,77561.44,-11.0
2026-08-28T23:00:00Z,77663.95,77703.22,-5.1
2026-08-29T00:00:00Z,77787.57,77791.98,-0.6
2026-08-29T01:00:00Z,77709.99,77726.12,-2.1
2026-08-29T02:00:00Z,77595.72,77651.02,-7.1
2026-08-29T03:00:00Z,77640.59,77677.28,-4.7
2026-08-29T04:00:00Z,77567.24,77582.95,-2.0
2026-08-29T05:00:00Z,77621.55,77676.05,-7.0
2026-08-29T06:00:00Z,77434.61,77513.21,-10.1
2026-08-29T07:00:00Z,77473.00,77503.20,-3.9
2026-08-29T08:00:00Z,77518.47,77552.65,-4.4
2026-08-29T09:00:00Z,77586.61,77625.66,-5.0
2026-08-29T10:00:00Z,77634.43,77683.66,-6.3
2026-08-29T11:00:00Z,77634.86,77677.77,-5.5
2026-08-29T12:00:00Z,77523.20,77594.78,-9.2
2026-08-29T13:00:00Z,77621.24,77663.52,-5.4
2026-08-29T14:00:00Z,77663.33,77761.12,-12.6
2026-08-29T15:00:00Z,77857.33,77899.80,-5.5
2026-08-29T16:00:00Z,77923.75,77961.45,-4.8
2026-08-29T17:00:00Z,77980.23,78020.83,-5.2
2026-08-29T18:00:00Z,78051.86,78100.38,-6.2
2026-08-29T19:00:00Z,78188.88,78226.18,-4.8
2026-08-29T20:00:00Z,78130.27,78179.75,-6.3
2026-08-29T21:00:00Z,78097.86,78134.36,-4.7
2026-08-29T22:00:00Z,78111.85,78142.82,-4.0
2026-08-29T23:00:00Z,78189.31,78231.42,-5.4
2026-08-30T00:00:00Z,78200.16,78226.76,-3.4
2026-08-30T01:00:00Z,78037.84,78080.81,-5.5
2026-08-30T02:00:00Z,78038.49,78084.41,-5.9
2026-08-30T03:00:00Z,78094.01,78128.26,-4.4
2026-08-30T04:00:00Z,78103.98,78093.65,1.3
2026-08-30T05:00:00Z,78109.76,78158.17,-6.2
2026-08-30T06:00:00Z,78103.06,78175.49,-9.3
2026-08-30T07:00:00Z,78208.91,78238.19,-3.7
2026-08-30T08:00:00Z,78114.11,78145.99,-4.1
2026-08-30T09:00:00Z,77993.43,78046.76,-6.8
2026-08-30T10:00:00Z,78045.77,78078.16,-4.1
2026-08-30T11:00:00Z,78125.17,78159.74,-4.4
2026-08-30T12:00:00Z,78547.32,78575.95,-3.6
2026-08-30T13:00:00Z,78676.42,78717.83,-5.3
2026-08-30T14:00:00Z,78797.03,78839.29,-5.4
2026-08-30T15:00:00Z,78739.73,78789.48,-6.3
2026-08-30T16:00:00Z,79053.02,79078.90,-3.3
2026-08-30T17:00:00Z,78974.68,79018.11,-5.5
2026-08-30T18:00:00Z,78968.81,79015.54,-5.9
2026-08-30T19:00:00Z,78905.48,78930.35,-3.2
2026-08-30T20:00:00Z,78832.10,78789.40,5.4
2026-08-30T21:00:00Z,78537.29,78575.79,-4.9
2026-08-30T22:00:00Z,78436.83,78473.44,-4.7
2026-08-30T23:00:00Z,77764.45,77739.57,3.2
2026-08-31T00:00:00Z,77861.11,77852.17,1.1
2026-08-31T01:00:00Z,77729.12,77774.27,-5.8
2026-08-31T02:00:00Z,77703.26,77733.81,-3.9
2026-08-31T03:00:00Z,77543.86,77649.05,-13.5
2026-08-31T04:00:00Z,77515.43,77570.52,-7.1
2026-08-31T05:00:00Z,77931.15,77930.17,0.1
2026-08-31T06:00:00Z,78024.56,78035.90,-1.5
2026-08-31T07:00:00Z,78136.18,78187.83,-6.6
2026-08-31T08:00:00Z,78136.08,78179.67,-5.6
2026-08-31T09:00:00Z,78587.84,78633.71,-5.8
2026-08-31T10:00:00Z,78408.03,78460.08,-6.6
2026-08-31T11:00:00Z,78422.05,78508.33,-11.0
2026-08-31T12:00:00Z,78041.72,78107.49,-8.4
2026-08-31T13:00:00Z,77927.81,77973.95,-5.9
2026-08-31T14:00:00Z,77917.41,77991.74,-9.5
2026-08-31T15:00:00Z,78451.86,78480.87,-3.7
2026-08-31T16:00:00Z,78549.72,78620.18,-9.0
2026-08-31T17:00:00Z,78592.53,78686.86,-12.0
2026-08-31T18:00:00Z,78839.39,78910.80,-9.0
2026-08-31T19:00:00Z,78974.24,79056.75,-10.4
2026-08-31T20:00:00Z,78808.57,78918.51,-13.9
2026-08-31T21:00:00Z,78856.33,78951.26,-12.0
2026-08-31T22:00:00Z,78737.73,78801.51,-8.1
2026-08-31T23:00:00Z,78439.17,78522.44,-10.6
2026-09-01T00:00:00Z,78640.19,78720.92,-10.3
2026-09-01T01:00:00Z,78473.89,78520.91,-6.0
2026-09-01T02:00:00Z,78256.10,78341.95,-11.0
2026-09-01T03:00:00Z,78463.54,78509.59,-5.9
2026-09-01T04:00:00Z,78651.93,78714.83,-8.0
2026-09-01T05:00:00Z,78817.46,78884.74,-8.5
2026-09-01T06:00:00Z,78795.60,78903.23,-13.6
2026-09-01T07:00:00Z,78639.10,78738.21,-12.6
2026-09-01T08:00:00Z,77949.27,78138.16,-24.2
2026-09-01T09:00:00Z,77811.48,77913.26,-13.1
2026-09-01T10:00:00Z,77901.78,77978.81,-9.9
2026-09-01T11:00:00Z,77907.64,77991.84,-10.8
2026-09-01T12:00:00Z,77889.95,77980.72,-11.6
2026-09-01T13:00:00Z,77720.07,77826.49,-13.7
2026-09-01T14:00:00Z,78161.88,78257.28,-12.2
2026-09-01T15:00:00Z,77765.23,77901.87,-17.5
2026-09-01T16:00:00Z,77473.85,77589.56,-14.9
2026-09-01T17:00:00Z,77419.17,77515.29,-12.4
2026-09-01T18:00:00Z,76882.92,76976.16,-12.1
2026-09-01T19:00:00Z,77136.80,77209.55,-9.4
2026-09-01T20:00:00Z,77264.10,77360.06,-12.4
2026-09-01T21:00:00Z,77046.40,77149.88,-13.4
2026-09-01T22:00:00Z,77108.75,77198.36,-11.6
2026-09-01T23:00:00Z,77168.16,77306.44,-17.9
2026-09-02T00:00:00Z,77173.79,77316.86,-18.5
2026-09-02T01:00:00Z,77042.40,77137.16,-12.3
2026-09-02T02:00:00Z,77058.86,77124.71,-8.5
2026-09-02T03:00:00Z,77412.25,77517.52,-13.6
2026-09-02T04:00:00Z,77337.34,77445.39,-14.0
2026-09-02T05:00:00Z,77561.36,77643.50,-10.6
2026-09-02T06:00:00Z,77461.04,77565.96,-13.5
2026-09-02T07:00:00Z,77470.79,77584.83,-14.7
2026-09-02T08:00:00Z,77050.33,77145.22,-12.3
2026-09-02T09:00:00Z,76592.10,76711.57,-15.6
2026-09-02T10:00:00Z,76477.46,76581.05,-13.5
2026-09-02T11:00:00Z,76491.10,76592.77,-13.3
2026-09-02T12:00:00Z,76665.52,76770.48,-13.7
2026-09-02T13:00:00Z,76648.94,76888.98,-31.2
2026-09-02T14:00:00Z,77095.35,77188.96,-12.1
2026-09-02T15:00:00Z,76922.15,77067.88,-18.9
2026-09-02T16:00:00Z,77179.04,77312.48,-17.3
2026-09-02T17:00:00Z,77044.99,77144.59,-12.9
2026-09-02T18:00:00Z,77230.08,77340.65,-14.3
2026-09-02T19:00:00Z,77116.09,77227.94,-14.5
2026-09-02T20:00:00Z,77240.84,77387.22,-18.9
2026-09-02T21:00:00Z,77191.39,77305.71,-14.8
2026-09-02T22:00:00Z,76973.06,77098.82,-16.3
2026-09-02T23:00:00Z,77041.01,77157.82,-15.1
2026-09-03T00:00:00Z,76951.45,77087.05,-17.6
2026-09-03T01:00:00Z,77234.29,77342.95,-14.0
2026-09-03T02:00:00Z,77419.07,77565.43,-18.9
2026-09-03T03:00:00Z,77627.75,77719.77,-11.8
2026-09-03T04:00:00Z,77486.07,77596.71,-14.3
2026-09-03T05:00:00Z,77329.43,77461.79,-17.1
2026-09-03T06:00:00Z,77612.51,77734.70,-15.7
2026-09-03T07:00:00Z,77758.90,77881.75,-15.8
2026-09-03T08:00:00Z,77773.22,77880.17,-13.7
2026-09-03T09:00:00Z,77671.53,77772.50,-13.0
2026-09-03T10:00:00Z,77502.24,77616.01,-14.7
2026-09-03T11:00:00Z,77760.14,77852.29,-11.8
2026-09-03T12:00:00Z,78046.92,78213.55,-21.3
2026-09-03T13:00:00Z,78471.65,78615.53,-18.3
2026-09-03T14:00:00Z,79463.92,79537.78,-9.3
2026-09-03T15:00:00Z,80674.70,80761.90,-10.8
2026-09-03T16:00:00Z,80803.42,80895.02,-11.3
2026-09-03T17:00:00Z,80916.59,81040.50,-15.3
2026-09-03T18:00:00Z,80956.77,81094.56,-17.0
2026-09-03T19:00:00Z,81333.33,81465.99,-16.3
2026-09-03T20:00:00Z,81391.95,81535.45,-17.6
2026-09-03T21:00:00Z,81503.29,81665.67,-19.9
2026-09-03T22:00:00Z,81207.30,81346.76,-17.1
2026-09-03T23:00:00Z,81065.47,81224.54,-19.6
2026-09-04T00:00:00Z,81050.29,81206.01,-19.2
2026-09-04T01:00:00Z,80891.83,80974.99,-10.3
2026-09-04T02:00:00Z,80803.16,80815.76,-1.6
2026-09-04T03:00:00Z,80784.51,80933.63,-18.4
2026-09-04T04:00:00Z,80936.13,81078.07,-17.5
2026-09-04T05:00:00Z,80936.13,81011.44,-9.3
2026-09-04T06:00:00Z,80818.16,80876.81,-7.3
2026-09-04T07:00:00Z,80561.63,80868.82,-38.0
2026-09-04T08:00:00Z,80758.30,80911.23,-18.9
2026-09-04T09:00:00Z,81012.08,81120.40,-13.4
2026-09-04T10:00:00Z,80927.04,81025.10,-12.1
2026-09-04T11:00:00Z,81032.70,81244.77,-26.1
2026-09-04T12:00:00Z,80076.64,79889.93,23.4
2026-09-04T13:00:00Z,79311.79,79382.39,-8.9
2026-09-04T14:00:00Z,79210.73,79291.96,-10.2
2026-09-04T15:00:00Z,79076.05,79255.06,-22.6
2026-09-04T16:00:00Z,79428.76,79581.47,-19.2
2026-09-04T17:00:00Z,79518.63,79566.66,-6.0
2026-09-04T18:00:00Z,79518.63,79596.12,-9.7
2026-09-04T19:00:00Z,79518.63,79714.38,-24.6
2026-09-04T20:00:00Z,79545.77,79791.74,-30.8
2026-09-04T21:00:00Z,79545.77,79787.92,-30.3
2026-09-04T22:00:00Z,79545.77,79694.47,-18.7
2026-09-04T23:00:00Z,79545.77,79709.31,-20.5
2026-09-05T00:00:00Z,79545.82,79673.95,-16.1
2026-09-05T01:00:00Z,79545.82,79668.18,-15.4
2026-09-05T02:00:00Z,79545.82,79578.93,-4.2
2026-09-05T03:00:00Z,79544.55,79600.08,-7.0
2026-09-05T04:00:00Z,79544.55,79574.07,-3.7
2026-09-05T05:00:00Z,79544.55,79562.31,-2.2
2026-09-05T06:00:00Z,79544.55,79640.41,-12.0
2026-09-05T07:00:00Z,79544.55,79712.53,-21.1
2026-09-05T08:00:00Z,79544.55,79666.26,-15.3
2026-09-05T09:00:00Z,79605.44,79705.68,-12.6
2026-09-05T10:00:00Z,79605.41,79651.01,-5.7
2026-09-05T11:00:00Z,79605.41,79647.20,-5.2
2026-09-05T12:00:00Z,79605.41,79702.17,-12.1
2026-09-05T13:00:00Z,79605.41,79733.01,-16.0
2026-09-05T14:00:00Z,79605.41,79717.24,-14.0
2026-09-05T15:00:00Z,79609.12,79744.83,-17.0
2026-09-05T16:00:00Z,79690.62,79840.26,-18.7
2026-09-05T17:00:00Z,79888.59,80070.86,-22.8
2026-09-05T18:00:00Z,79888.24,80014.27,-15.8
2026-09-05T19:00:00Z,79888.24,79951.53,-7.9
2026-09-05T20:00:00Z,79868.31,79768.78,12.5
2026-09-05T21:00:00Z,79868.31,79851.04,2.2
2026-09-05T22:00:00Z,79868.31,79894.64,-3.3
2026-09-05T23:00:00Z,79868.31,79799.91,8.6
2026-09-06T00:00:00Z,79868.31,79910.42,-5.3
2026-09-06T01:00:00Z,79869.46,79981.46,-14.0
2026-09-06T02:00:00Z,79869.46,79955.88,-10.8
2026-09-06T03:00:00Z,79870.41,79948.65,-9.8
2026-09-06T04:00:00Z,79870.72,79968.66,-12.2
2026-09-06T05:00:00Z,79852.31,79916.29,-8.0
2026-09-06T06:00:00Z,79852.31,79877.07,-3.1
2026-09-06T07:00:00Z,79772.48,79827.66,-6.9
2026-09-06T08:00:00Z,79772.48,79846.13,-9.2
2026-09-06T09:00:00Z,79772.78,79937.23,-20.6
2026-09-06T10:00:00Z,79772.79,79959.90,-23.4
2026-09-06T11:00:00Z,79772.79,79954.39,-22.7
2026-09-06T12:00:00Z,79772.79,79965.37,-24.1
2026-09-06T13:00:00Z,79780.44,79835.58,-6.9
2026-09-06T14:00:00Z,79570.74,79662.75,-11.5
2026-09-06T15:00:00Z,79474.33,79615.92,-17.8
2026-09-06T16:00:00Z,79474.10,79695.43,-27.8
2026-09-06T17:00:00Z,79474.10,79723.44,-31.3
2026-09-06T18:00:00Z,79560.78,79748.86,-23.6
2026-09-06T19:00:00Z,79645.48,79857.62,-26.6
2026-09-06T20:00:00Z,79645.48,79923.01,-34.7
2026-09-06T21:00:00Z,79693.41,79932.87,-30.0
2026-09-06T22:00:00Z,79693.10,79853.02,-20.0
2026-09-06T23:00:00Z,80087.51,80218.58,-16.3
2026-09-07T00:00:00Z,80170.98,80194.08,-2.9
2026-09-07T01:00:00Z,79971.32,79979.71,-1.0
2026-09-07T02:00:00Z,79924.96,80049.55,-15.6
2026-09-07T03:00:00Z,79794.02,79819.72,-3.2
2026-09-07T04:00:00Z,79657.55,79648.97,1.1
2026-09-07T05:00:00Z,79657.55,79823.75,-20.8
2026-09-07T06:00:00Z,79657.26,79731.09,-9.3
2026-09-07T07:00:00Z,79374.64,79483.56,-13.7
2026-09-07T08:00:00Z,79195.40,79464.28,-33.8
2026-09-07T09:00:00Z,79204.13,79379.14,-22.0
2026-09-07T10:00:00Z,79291.73,79388.97,-12.2
2026-09-07T11:00:00Z,79291.73,79394.83,-13.0
2026-09-07T12:00:00Z,79291.73,79485.04,-24.3
2026-09-07T13:00:00Z,79311.52,79404.59,-11.7
2026-09-07T14:00:00Z,79109.09,79149.43,-5.1
2026-09-07T15:00:00Z,78938.93,79007.47,-8.7
2026-09-07T16:00:00Z,78812.67,78876.90,-8.1
2026-09-07T17:00:00Z,78815.48,79103.72,-36.4
2026-09-07T18:00:00Z,78880.91,79169.49,-36.5
2026-09-07T19:00:00Z,79039.74,79190.20,-19.0
2026-09-07T20:00:00Z,79057.97,79217.27,-20.1
2026-09-07T21:00:00Z,79057.97,79231.53,-21.9
2026-09-07T22:00:00Z,79057.97,79076.88,-2.4
2026-09-07T23:00:00Z,78928.17,79084.88,-19.8
2026-09-08T00:00:00Z,78928.25,79076.11,-18.7
2026-09-08T01:00:00Z,79099.81,79321.08,-27.9
2026-09-08T02:00:00Z,79113.01,79236.25,-15.6
2026-09-08T03:00:00Z,78849.57,78931.28,-10.4
2026-09-08T04:00:00Z,78809.55,78801.08,1.1
2026-09-08T05:00:00Z,78688.33,78689.73,-0.2
2026-09-08T06:00:00Z,78464.78,78487.40,-2.9
2026-09-08T07:00:00Z,78369.81,78417.49,-6.1
2026-09-08T08:00:00Z,78271.04,78398.99,-16.3
2026-09-08T09:00:00Z,78278.82,78455.29,-22.5
2026-09-08T10:00:00Z,78641.24,78697.82,-7.2
2026-09-08T11:00:00Z,78396.73,78437.11,-5.1
2026-09-08T12:00:00Z,78348.47,78323.31,3.2
2026-09-08T13:00:00Z,78073.90,78128.44,-7.0
2026-09-08T14:00:00Z,78042.18,78270.49,-29.2
2026-09-08T15:00:00Z,78389.78,78593.98,-26.0
2026-09-08T16:00:00Z,78571.30,78723.42,-19.3
2026-09-08T17:00:00Z,78617.63,78625.01,-0.9
2026-09-08T18:00:00Z,78617.25,78614.73,0.3
2026-09-08T19:00:00Z,78441.95,78431.57,1.3
2026-09-08T20:00:00Z,78441.95,78505.81,-8.1
2026-09-08T21:00:00Z,78542.67,78518.91,3.0
2026-09-08T22:00:00Z,78542.67,78523.39,2.5
2026-09-08T23:00:00Z,78392.27,78475.25,-10.6
2026-09-09T00:00:00Z,78429.40,78633.71,-26.0
2026-09-09T01:00:00Z,78546.52,78738.45,-24.4
2026-09-09T02:00:00Z,78603.58,78788.85,-23.5
2026-09-09T03:00:00Z,78603.44,78625.83,-2.8
2026-09-09T04:00:00Z,78707.40,78894.33,-23.7
2026-09-09T05:00:00Z,79031.71,79087.47,-7.1
2026-09-09T06:00:00Z,78984.84,79154.19,-21.4
2026-09-09T07:00:00Z,79109.47,79249.19,-17.6
2026-09-09T08:00:00Z,79423.63,79469.99,-5.8
2026-09-09T09:00:00Z,79423.63,79312.09,14.1
2026-09-09T10:00:00Z,79058.93,79035.11,3.0
2026-09-09T11:00:00Z,78889.65,78969.43,-10.1
2026-09-09T12:00:00Z,79254.14,79366.78,-14.2
2026-09-09T13:00:00Z,79326.46,79426.75,-12.6
2026-09-09T14:00:00Z,79040.43,79089.55,-6.2
2026-09-09T15:00:00Z,78445.65,78579.69,-17.1
2026-09-09T16:00:00Z,78519.74,78688.43,-21.4
2026-09-09T17:00:00Z,78577.44,78783.38,-26.1
2026-09-09T18:00:00Z,78577.34,78597.21,-2.5
2026-09-09T19:00:00Z,78496.85,78424.14,9.3
2026-09-09T20:00:00Z,78150.11,78239.97,-11.5
2026-09-09T21:00:00Z,78149.40,78198.18,-6.2
2026-09-09T22:00:00Z,77909.77,77987.99,-10.0
2026-09-09T23:00:00Z,77932.72,78127.25,-24.9
2026-09-10T00:00:00Z,78044.06,78235.00,-24.4
2026-09-10T01:00:00Z,78083.75,78190.05,-13.6
2026-09-10T02:00:00Z,78083.75,78090.44,-0.9
2026-09-10T03:00:00Z,78138.78,78348.88,-26.8
2026-09-10T04:00:00Z,78153.50,78351.04,-25.2
2026-09-10T05:00:00Z,78198.03,78381.98,-23.5
2026-09-10T06:00:00Z,78239.48,78298.05,-7.5
2026-09-10T07:00:00Z,78048.65,78123.15,-9.5
2026-09-10T08:00:00Z,78048.65,78089.72,-5.3
2026-09-10T09:00:00Z,78040.87,78086.56,-5.9
2026-09-10T10:00:00Z,77868.98,77967.13,-12.6
2026-09-10T11:00:00Z,77843.39,77944.58,-13.0
2026-09-10T12:00:00Z,77239.18,77475.34,-30.5
2026-09-10T13:00:00Z,76890.21,76958.33,-8.9
2026-09-10T14:00:00Z,77065.80,77239.87,-22.5
2026-09-10T15:00:00Z,77113.60,77206.64,-12.1
2026-09-10T16:00:00Z,76971.92,77013.85,-5.4
2026-09-10T17:00:00Z,77166.32,77278.82,-14.6
2026-09-10T18:00:00Z,77171.37,77110.90,7.8
2026-09-10T19:00:00Z,77177.12,77154.20,3.0
2026-09-10T20:00:00Z,77168.93,77245.82,-10.0
2026-09-10T21:00:00Z,77169.14,77209.83,-5.3
2026-09-10T22:00:00Z,77077.64,77103.34,-3.3
2026-09-10T23:00:00Z,76674.02,76727.54,-7.0
2026-09-11T00:00:00Z,76674.02,76773.97,-13.0
2026-09-11T01:00:00Z,76720.67,76835.97,-15.0
2026-09-11T02:00:00Z,76720.67,76871.75,-19.7
2026-09-11T03:00:00Z,76721.57,76792.75,-9.3
2026-09-11T04:00:00Z,76903.21,76946.67,-5.6
2026-09-11T05:00:00Z,76903.34,77098.33,-25.3
2026-09-11T06:00:00Z,77218.94,77209.06,1.3
2026-09-11T07:00:00Z,77210.67,77279.16,-8.9
2026-09-11T08:00:00Z,77253.70,77353.86,-12.9
2026-09-11T09:00:00Z,77252.15,77119.59,17.2
2026-09-11T10:00:00Z,77073.83,77052.53,2.8
2026-09-11T11:00:00Z,76967.01,76856.97,14.3
2026-09-11T12:00:00Z,77061.89,77158.35,-12.5
2026-09-11T13:00:00Z,77788.75,77746.41,5.4
2026-09-11T14:00:00Z,78959.12,78925.92,4.2
2026-09-11T15:00:00Z,78708.48,78631.77,9.8
2026-09-11T16:00:00Z,77758.56,77758.92,-0.0
2026-09-11T17:00:00Z,77784.02,77798.96,-1.9
2026-09-11T18:00:00Z,77123.01,77121.17,0.2
2026-09-11T19:00:00Z,77123.01,77191.54,-8.9
2026-09-11T20:00:00Z,77246.45,77378.82,-17.1
2026-09-11T21:00:00Z,77246.45,77342.96,-12.5
2026-09-11T22:00:00Z,77218.00,77127.90,11.7
2026-09-11T23:00:00Z,77218.00,77170.33,6.2
2026-09-12T00:00:00Z,77218.00,77270.81,-6.8
2026-09-12T01:00:00Z,77218.00,77319.63,-13.1
2026-09-12T02:00:00Z,77218.00,77289.36,-9.2
2026-09-12T03:00:00Z,77217.95,77278.70,-7.9
2026-09-12T04:00:00Z,77217.95,77267.17,-6.4
2026-09-12T05:00:00Z,77217.95,77219.36,-0.2
2026-09-12T06:00:00Z,77218.31,77255.66,-4.8
2026-09-12T07:00:00Z,77218.31,77308.26,-11.6
2026-09-12T08:00:00Z,77210.13,77305.14,-12.3
2026-09-12T09:00:00Z,77210.13,77340.12,-16.8
2026-09-12T10:00:00Z,77210.21,77347.80,-17.8
2026-09-12T11:00:00Z,77210.21,77326.27,-15.0
2026-09-12T12:00:00Z,77210.16,77314.57,-13.5
2026-09-12T13:00:00Z,77210.16,77302.34,-11.9
2026-09-12T14:00:00Z,77256.37,77352.91,-12.5
2026-09-12T15:00:00Z,77257.22,77433.88,-22.8
2026-09-12T16:00:00Z,77257.22,77364.73,-13.9
2026-09-12T17:00:00Z,77255.65,77274.08,-2.4
2026-09-12T18:00:00Z,77247.45,77160.60,11.3
2026-09-12T19:00:00Z,77247.46,77124.81,15.9
2026-09-12T20:00:00Z,77247.46,77156.90,11.7
2026-09-12T21:00:00Z,77247.46,77213.59,4.4
2026-09-12T22:00:00Z,77247.46,77224.74,2.9
2026-09-12T23:00:00Z,77247.46,77241.21,0.8
2026-09-13T00:00:00Z,77248.32,77258.74,-1.3
2026-09-13T01:00:00Z,77248.32,77269.08,-2.7
2026-09-13T02:00:00Z,77248.32,77272.63,-3.1
2026-09-13T03:00:00Z,77248.34,77249.99,-0.2
2026-09-13T04:00:00Z,77248.24,77214.36,4.4
2026-09-13T05:00:00Z,77239.96,77258.31,-2.4
2026-09-13T06:00:00Z,77239.96,77277.67,-4.9
2026-09-13T07:00:00Z,77239.96,77131.47,14.1
2026-09-13T08:00:00Z,77043.27,77036.57,0.9
2026-09-13T09:00:00Z,76763.92,76752.73,1.5
2026-09-13T10:00:00Z,76763.10,76760.50,0.3
2026-09-13T11:00:00Z,76733.20,76640.50,12.1
2026-09-13T12:00:00Z,76733.20,76761.91,-3.7
2026-09-13T13:00:00Z,76733.91,76703.85,3.9
2026-09-13T14:00:00Z,76907.67,76933.15,-3.3
2026-09-13T15:00:00Z,76997.51,77123.82,-16.4
2026-09-13T16:00:00Z,77033.77,77216.56,-23.7
2026-09-13T17:00:00Z,77167.76,77283.63,-15.0
2026-09-13T18:00:00Z,77167.76,77332.33,-21.3
2026-09-13T19:00:00Z,77167.76,77244.07,-9.9
2026-09-13T20:00:00Z,77167.76,77269.66,-13.2
2026-09-13T21:00:00Z,77200.10,77329.81,-16.8
2026-09-13T22:00:00Z,76929.05,76893.77,4.6
2026-09-13T23:00:00Z,76832.74,76791.89,5.3
2026-09-14T00:00:00Z,76717.96,76770.87,-6.9
2026-09-14T01:00:00Z,76696.43,76779.57,-10.8
2026-09-14T02:00:00Z,77396.39,77402.55,-0.8
2026-09-14T03:00:00Z,77611.39,77630.02,-2.4
2026-09-14T04:00:00Z,77611.39,77573.38,4.9
2026-09-14T05:00:00Z,77611.39,77543.54,8.7
2026-09-14T06:00:00Z,77611.39,77635.04,-3.0
2026-09-14T07:00:00Z,77591.57,77682.74,-11.7
2026-09-14T08:00:00Z,77655.20,77740.85,-11.0
2026-09-14T09:00:00Z,77676.98,77806.67,-16.7
2026-09-14T10:00:00Z,78097.55,77992.92,13.4
2026-09-14T11:00:00Z,77899.23,77791.96,13.8
2026-09-14T12:00:00Z,77885.98,77828.20,7.4
2026-09-14T13:00:00Z,77975.71,77914.92,7.8
2026-09-14T14:00:00Z,78414.75,78417.73,-0.4
2026-09-14T15:00:00Z,78414.75,78472.76,-7.4
2026-09-14T16:00:00Z,78744.52,78656.41,11.2
2026-09-14T17:00:00Z,78814.78,78831.40,-2.1
2026-09-14T18:00:00Z,78970.33,79077.10,-13.5
2026-09-14T19:00:00Z,79050.83,79097.52,-5.9
2026-09-14T20:00:00Z,79321.08,79333.69,-1.6
2026-09-14T21:00:00Z,78961.13,78909.26,6.6
2026-09-14T22:00:00Z,78738.49,78743.51,-0.6
2026-09-14T23:00:00Z,78498.69,78408.78,11.5
2026-09-15T00:00:00Z,78200.67,78135.68,8.3
2026-09-15T01:00:00Z,77953.25,77961.55,-1.1
2026-09-15T02:00:00Z,77953.25,77925.78,3.5
2026-09-15T03:00:00Z,77887.76,77798.40,11.5
2026-09-15T04:00:00Z,77721.42,77636.16,11.0
2026-09-15T05:00:00Z,77486.53,77446.35,5.2
2026-09-15T06:00:00Z,77485.91,77441.33,5.8
2026-09-15T07:00:00Z,77029.04,77192.02,-21.1
2026-09-15T08:00:00Z,76835.44,76840.58,-0.7
2026-09-15T09:00:00Z,76797.41,76927.65,-16.9
2026-09-15T10:00:00Z,76812.46,76938.75,-16.4
2026-09-15T11:00:00Z,76939.38,76963.76,-3.2
2026-09-15T12:00:00Z,76938.93,76905.69,4.3
2026-09-15T13:00:00Z,76608.33,76606.84,0.2
2026-09-15T14:00:00Z,76203.05,76187.90,2.0
2026-09-15T15:00:00Z,76102.46,76309.90,-27.2
2026-09-15T16:00:00Z,76216.22,76361.09,-19.0
2026-09-15T17:00:00Z,76394.18,76724.09,-43.0
2026-09-15T18:00:00Z,76437.18,76185.29,33.1
2026-09-15T19:00:00Z,75928.44,75974.82,-6.1
2026-09-15T20:00:00Z,75743.16,75908.88,-21.8
2026-09-15T21:00:00Z,75694.86,75678.10,2.2
2026-09-15T22:00:00Z,75310.93,75427.83,-15.5
2026-09-15T23:00:00Z,75564.16,75640.91,-10.1
2026-09-16T00:00:00Z,75603.01,75744.23,-18.6
2026-09-16T01:00:00Z,75653.17,75680.79,-3.6
2026-09-16T02:00:00Z,75597.37,75788.78,-25.3
2026-09-16T03:00:00Z,75716.51,75831.84,-15.2
2026-09-16T04:00:00Z,75716.14,75839.11,-16.2
2026-09-16T05:00:00Z,75715.66,75825.99,-14.5
2026-09-16T06:00:00Z,75713.10,75907.01,-25.5
2026-09-16T07:00:00Z,75729.67,75792.11,-8.2
2026-09-16T08:00:00Z,75448.52,75495.88,-6.3
2026-09-16T09:00:00Z,75583.53,75773.36,-25.1
2026-09-16T10:00:00Z,75721.30,75905.67,-24.3
2026-09-16T11:00:00Z,75839.99,75954.13,-15.0
2026-09-16T12:00:00Z,75947.75,75952.50,-0.6
2026-09-16T13:00:00Z,75765.06,75711.42,7.1
2026-09-16T14:00:00Z,75545.21,75599.31,-7.2
2026-09-16T15:00:00Z,75545.08,75685.19,-18.5
2026-09-16T16:00:00Z,75608.19,75729.45,-16.0
2026-09-16T17:00:00Z,75607.64,75611.81,-0.6
2026-09-16T18:00:00Z,75762.39,75776.70,-1.9
2026-09-16T19:00:00Z,75731.27,75743.00,-1.5
2026-09-16T20:00:00Z,76091.56,76110.40,-2.5
2026-09-16T21:00:00Z,76106.00,76016.47,11.8
2026-09-16T22:00:00Z,75802.52,75735.97,8.8
2026-09-16T23:00:00Z,75827.41,75973.78,-19.3
2026-09-17T00:00:00Z,76289.24,76346.96,-7.6
2026-09-17T01:00:00Z,76426.00,76415.52,1.4
2026-09-17T02:00:00Z,76222.92,76245.05,-2.9
2026-09-17T03:00:00Z,76225.38,76394.31,-22.1
2026-09-17T04:00:00Z,76224.95,76299.36,-9.8
2026-09-17T05:00:00Z,76290.65,76384.91,-12.3
2026-09-17T06:00:00Z,76281.80,76421.50,-18.3
2026-09-17T07:00:00Z,76359.33,76482.31,-16.1
2026-09-17T08:00:00Z,76358.93,76425.55,-8.7
2026-09-17T09:00:00Z,76491.03,76603.77,-14.7
2026-09-17T10:00:00Z,76459.37,76310.39,19.5
2026-09-17T11:00:00Z,76406.94,76317.37,11.7
2026-09-17T12:00:00Z,76749.82,76774.07,-3.2
2026-09-17T13:00:00Z,76505.79,76530.93,-3.3
2026-09-17T14:00:00Z,76639.35,76686.91,-6.2
2026-09-17T15:00:00Z,76434.79,76462.01,-3.6
2026-09-17T16:00:00Z,76537.41,76648.44,-14.5
2026-09-17T17:00:00Z,76661.27,76752.80,-11.9
2026-09-17T18:00:00Z,76664.40,76613.75,6.6
2026-09-17T19:00:00Z,76628.81,76527.51,13.2
2026-09-17T20:00:00Z,76628.41,76580.48,6.3
2026-09-17T21:00:00Z,76621.75,76485.88,17.8
2026-09-17T22:00:00Z,76412.30,76335.91,10.0
2026-09-17T23:00:00Z,76411.12,76411.48,-0.0
2026-09-18T00:00:00Z,76411.09,76362.48,6.4
2026-09-18T01:00:00Z,76410.69,76557.15,-19.1
2026-09-18T02:00:00Z,76714.11,76749.55,-4.6
2026-09-18T03:00:00Z,77289.09,77304.99,-2.1
2026-09-18T04:00:00Z,77288.71,77279.54,1.2
2026-09-18T05:00:00Z,77397.65,77475.52,-10.1
2026-09-18T06:00:00Z,77397.41,77492.69,-12.3
2026-09-18T07:00:00Z,77539.87,77685.26,-18.7
2026-09-18T08:00:00Z,77760.00,77891.52,-16.9
2026-09-18T09:00:00Z,78177.52,78191.92,-1.8
2026-09-18T10:00:00Z,78149.18,78183.23,-4.4
2026-09-18T11:00:00Z,78146.72,78049.10,12.5
2026-09-18T12:00:00Z,78115.55,78009.90,13.5
2026-09-18T13:00:00Z,78295.38,78851.77,-70.6
2026-09-18T14:00:00Z,80596.02,80631.56,-4.4
2026-09-18T15:00:00Z,80717.36,80793.55,-9.4
2026-09-18T16:00:00Z,80847.81,80923.79,-9.4
2026-09-18T17:00:00Z,80782.13,80826.11,-5.4
2026-09-18T18:00:00Z,80826.48,80938.59,-13.9
2026-09-18T19:00:00Z,81059.60,81166.72,-13.2
2026-09-18T20:00:00Z,81091.85,81103.00,-1.4
2026-09-18T21:00:00Z,81091.53,81188.00,-11.9
2026-09-18T22:00:00Z,81091.62,81233.73,-17.5
2026-09-18T23:00:00Z,81091.29,81033.35,7.1
2026-09-19T00:00:00Z,81034.85,81110.92,-9.4
2026-09-19T01:00:00Z,81285.52,81283.28,0.3
2026-09-19T02:00:00Z,81238.21,81345.15,-13.1
2026-09-19T03:00:00Z,81237.58,81169.24,8.4
2026-09-19T04:00:00Z,81201.99,81151.48,6.2
2026-09-19T05:00:00Z,81117.53,81051.35,8.2
2026-09-19T06:00:00Z,81110.98,81030.63,9.9
2026-09-19T07:00:00Z,81108.84,81081.96,3.3
2026-09-19T08:00:00Z,81114.85,81266.13,-18.6
2026-09-19T09:00:00Z,81241.48,81332.13,-11.1
2026-09-19T10:00:00Z,81240.63,81265.42,-3.0
2026-09-19T11:00:00Z,81240.93,81267.06,-3.2
2026-09-19T12:00:00Z,81240.43,81267.32,-3.3
2026-09-19T13:00:00Z,81238.33,81250.31,-1.5
2026-09-19T14:00:00Z,81349.12,81488.79,-17.1
2026-09-19T15:00:00Z,81560.45,81645.85,-10.5
2026-09-19T16:00:00Z,81640.75,81778.30,-16.8
2026-09-19T17:00:00Z,81640.53,81567.25,9.0
2026-09-19T18:00:00Z,81546.83,81458.99,10.8
2026-09-19T19:00:00Z,81541.78,81394.11,18.1
2026-09-19T20:00:00Z,81443.94,81335.80,13.3
2026-09-19T21:00:00Z,81120.31,81019.29,12.5
2026-09-19T22:00:00Z,81119.94,81031.60,10.9
2026-09-19T23:00:00Z,81119.42,81240.30,-14.9
2026-09-20T00:00:00Z,81118.86,81244.89,-15.5
2026-09-20T01:00:00Z,81116.47,81124.44,-1.0
2026-09-20T02:00:00Z,81011.05,80870.64,17.4
2026-09-20T03:00:00Z,80359.48,80371.44,-1.5
2026-09-20T04:00:00Z,80359.19,80411.38,-6.5
2026-09-20T05:00:00Z,80358.42,80482.57,-15.4
2026-09-20T06:00:00Z,80357.56,80408.41,-6.3
2026-09-20T07:00:00Z,80356.97,80316.24,5.1
2026-09-20T08:00:00Z,80356.13,80370.13,-1.7
2026-09-20T09:00:00Z,80355.48,80321.80,4.2
2026-09-20T10:00:00Z,80354.81,80351.36,0.4
2026-09-20T11:00:00Z,80354.37,80383.13,-3.6
2026-09-20T12:00:00Z,80352.00,80376.26,-3.0
2026-09-20T13:00:00Z,80356.94,80508.32,-18.8
2026-09-20T14:00:00Z,80493.06,80570.01,-9.6
2026-09-20T15:00:00Z,80638.19,80785.70,-18.3
2026-09-20T16:00:00Z,81007.14,81130.34,-15.2
2026-09-20T17:00:00Z,81233.92,81254.17,-2.5
2026-09-20T18:00:00Z,81245.76,81162.10,10.3
2026-09-20T19:00:00Z,81245.30,81156.87,10.9
2026-09-20T20:00:00Z,81242.88,81141.61,12.5
2026-09-20T21:00:00Z,80847.00,80877.13,-3.7
2026-09-20T22:00:00Z,81017.74,81136.54,-14.6
2026-09-20T23:00:00Z,81055.96,81202.80,-18.1
2026-09-21T00:00:00Z,81587.02,81626.50,-4.8
2026-09-21T01:00:00Z,81608.90,81559.14,6.1
2026-09-21T02:00:00Z,81248.96,81246.74,0.3
2026-09-21T03:00:00Z,81305.95,81389.19,-10.2
2026-09-21T04:00:00Z,81305.23,81325.96,-2.5
2026-09-21T05:00:00Z,81534.62,81495.11,4.8
2026-09-21T06:00:00Z,81608.30,81633.46,-3.1
2026-09-21T07:00:00Z,81608.18,81558.93,6.0
2026-09-21T08:00:00Z,82312.71,82216.85,11.7
2026-09-21T09:00:00Z,84291.40,84460.90,-20.1
2026-09-21T10:00:00Z,84553.61,84537.40,1.9
2026-09-21T11:00:00Z,84576.84,84614.25,-4.4
2026-09-21T12:00:00Z,85103.97,85163.16,-7.0
2026-09-21T13:00:00Z,85217.49,85150.61,7.9
2026-09-21T14:00:00Z,85679.64,85674.75,0.6
2026-09-21T15:00:00Z,86026.60,86008.26,2.1
2026-09-21T16:00:00Z,85877.05,85882.39,-0.6
2026-09-21T17:00:00Z,85864.15,85898.71,-4.0
2026-09-21T18:00:00Z,85771.61,85956.86,-21.6
2026-09-21T19:00:00Z,86333.15,86341.08,-0.9
2026-09-21T20:00:00Z,86916.82,86954.66,-4.4
2026-09-21T21:00:00Z,86741.32,86683.58,6.7
2026-09-21T22:00:00Z,86579.47,86545.48,3.9
2026-09-21T23:00:00Z,86500.80,86528.35,-3.2
2026-09-22T00:00:00Z,86400.78,86371.28,3.4
2026-09-22T01:00:00Z,85683.13,85713.57,-3.6
2026-09-22T02:00:00Z,85613.29,85663.41,-5.9
2026-09-22T03:00:00Z,85514.53,85506.21,1.0
2026-09-22T04:00:00Z,85514.25,85540.42,-3.1
2026-09-22T05:00:00Z,85337.38,85387.90,-5.9
2026-09-22T06:00:00Z,85286.04,85393.58,-12.6
2026-09-22T07:00:00Z,85285.52,85289.79,-0.5
2026-09-22T08:00:00Z,85511.76,85642.15,-15.2
2026-09-22T09:00:00Z,85935.03,85947.71,-1.5
2026-09-22T10:00:00Z,85957.09,85925.99,3.6
2026-09-22T11:00:00Z,85956.54,85950.96,0.6
2026-09-22T12:00:00Z,85955.84,85973.26,-2.0
2026-09-22T13:00:00Z,85924.22,85991.30,-7.8
2026-09-22T14:00:00Z,85948.58,86030.49,-9.5
2026-09-22T15:00:00Z,86072.41,86284.38,-24.6
2026-09-22T16:00:00Z,86272.72,86261.03,1.4
2026-09-22T17:00:00Z,86318.15,86489.67,-19.8
2026-09-22T18:00:00Z,86358.63,86507.39,-17.2
2026-09-22T19:00:00Z,86357.88,86449.38,-10.6
2026-09-22T20:00:00Z,86343.60,86304.99,4.5
2026-09-22T21:00:00Z,86343.24,86272.02,8.3
2026-09-22T22:00:00Z,86227.27,86204.93,2.6
2026-09-22T23:00:00Z,86264.21,86228.71,4.1
2026-09-23T00:00:00Z,86263.86,86415.84,-17.6
2026-09-23T01:00:00Z,86477.92,86507.91,-3.5
2026-09-23T02:00:00Z,86381.85,86491.46,-12.7
2026-09-23T03:00:00Z,86548.03,86674.34,-14.6
2026-09-23T04:00:00Z,86977.73,87068.55,-10.4
2026-09-23T05:00:00Z,86789.13,86784.00,0.6
2026-09-23T06:00:00Z,86585.35,86510.39,8.7
2026-09-23T07:00:00Z,86407.70,86374.73,3.8
2026-09-23T08:00:00Z,86185.81,86167.86,2.1
2026-09-23T09:00:00Z,85950.68,85914.21,4.2
2026-09-23T10:00:00Z,85872.12,85838.13,4.0
2026-09-23T11:00:00Z,85692.39,85724.18,-3.7
2026-09-23T12:00:00Z,85407.77,85495.21,-10.2
2026-09-23T13:00:00Z,85407.89,85599.00,-22.3
2026-09-23T14:00:00Z,84538.15,84442.73,11.3
2026-09-23T15:00:00Z,84470.62,84482.24,-1.4
2026-09-23T16:00:00Z,84102.43,84108.64,-0.7
2026-09-23T17:00:00Z,83991.59,84060.98,-8.3
2026-09-23T18:00:00Z,84126.78,84224.08,-11.6
2026-09-23T19:00:00Z,84272.96,84374.79,-12.1
2026-09-23T20:00:00Z,84325.59,84331.48,-0.7
2026-09-23T21:00:00Z,84324.91,84382.47,-6.8
2026-09-23T22:00:00Z,84422.65,84533.69,-13.1
2026-09-23T23:00:00Z,84421.97,84473.00,-6.0
2026-09-24T00:00:00Z,84421.52,84364.83,6.7
2026-09-24T01:00:00Z,84421.04,84281.57,16.5
2026-09-24T02:00:00Z,84031.60,84116.11,-10.0
2026-09-24T03:00:00Z,84186.74,84129.17,6.8
2026-09-24T04:00:00Z,84029.00,83882.93,17.4
2026-09-24T05:00:00Z,84144.59,84180.16,-4.2
2026-09-24T06:00:00Z,84151.78,84122.32,3.5
2026-09-24T07:00:00Z,84254.52,84317.61,-7.5
2026-09-24T08:00:00Z,83970.05,83899.26,8.4
2026-09-24T09:00:00Z,83353.14,83257.73,11.5
2026-09-24T10:00:00Z,83181.47,83272.46,-10.9
2026-09-24T11:00:00Z,83352.82,83509.58,-18.8
2026-09-24T12:00:00Z,83413.56,83458.49,-5.4
2026-09-24T13:00:00Z,83737.54,83860.55,-14.7
2026-09-24T14:00:00Z,84223.40,84281.87,-6.9
2026-09-24T15:00:00Z,84054.15,84114.24,-7.1
2026-09-24T16:00:00Z,84546.52,84565.43,-2.2
